pot_no,depth_roots,biomass,cum_sum
2,0,0,0
2,10,2.356,0.5069937594146761
2,20,0.717,0.6612868517323003
2,70,1.574,0.9999999999999999
3,0,0,0
3,10,3.129,0.5785872781065089
3,20,0.847,0.735207100591716
3,70,1.432,1
4,0,0,0
4,10,1.9,0.2694271128757799
4,20,3.289,0.7358196256381169
4,70,1.863,1
5,0,0,0
5,10,0.7080000000000001,0.285829632620105
5,20,0.756,0.5910375454178443
5,70,1.013,1
6,0,0,0
6,10,3.647,0.49064980492398763
6,20,2.674,0.850396878783802
6,70,1.112,1
7,0,0,0
7,10,5.807,0.6809333958724203
7,20,1.441,0.849906191369606
7,70,1.28,1
10,0,0,0
10,10,5.614,0.6938573723890743
10,20,1.147,0.835619824496354
10,70,1.33,1
11,0,0,0
11,10,3.936,0.7093169940529824
11,20,0.803,0.8540277527482428
11,70,0.81,0.9999999999999999
14,0,0,0
14,10,3.744,0.6828378624840415
14,20,0.822,0.8327557906255699
14,70,0.917,1
15,0,0,0
15,10,9.23,0.6530352341870667
15,20,2.341,0.818664213952172
15,70,2.563,1
16,0,0,0
16,10,5.791,0.46856541791407075
16,20,2.676,0.6850877902742941
16,70,3.892,1
17,0,0,0
17,10,4.543,0.7347565906517872
17,20,1.375,0.9571405466601974
17,70,0.265,1
19,0,0,0
19,10,5.046,0.6600392413342053
19,20,1.83,0.8994113799869196
19,70,0.769,1
20,0,0,0
20,10,3.83,0.6276630612913798
20,20,1.808,0.9239593575876761
20,70,0.464,1
21,0,0,0
21,10,5.055,0.7492218763895064
21,20,0.741,0.8590484659848822
21,70,0.951,1
23,0,0,0
23,10,7.5,0.7882291119285338
23,20,1.122,0.9061481870730426
23,70,0.893,1
26,0,0,0
26,10,5.67,0.8095374071958881
26,20,0.863,0.9327527127355797
26,70,0.471,1
27,0,0,0
27,10,7.117,0.7581762011292212
27,20,1.272,0.8936827527431555
27,70,0.998,1
30,0,0,0
30,10,4.198,0.803291236127057
30,20,0.764,0.9494833524684271
30,70,0.264,1
31,0,0,0
31,10,8.386,0.8113390092879257
31,20,1.465,0.9530766253869969
31,70,0.485,1
40,0,0,0
40,10,1.384,0.6625179511728099
40,20,0.179,0.7482048827190042
40,70,0.526,0.9999999999999999
51,0,0,0
51,10,5.399,0.7271380471380472
51,20,1.21,0.8901010101010102
51,70,0.816,1
52,0,0,0
52,10,2.925,0.34134671490255575
52,20,2.277,0.6070720037343915
52,70,3.367,1
53,0,0,0
53,10,4.846,0.7215604526503872
53,20,1.039,0.8762656343061346
53,70,0.831,1
54,0,0,0
54,10,6.633,0.5696985313063643
54,20,2.071,0.7475736494030747
54,70,2.939,1
56,0,0,0
56,10,5.416,0.5780149413020277
56,20,1.935,0.7845250800426894
56,70,2.019,0.9999999999999999
57,0,0,0
57,10,3.778,0.5762660158633313
57,20,1.714,0.837705918242831
57,70,1.064,1
59,0,0,0
59,10,4.487,0.5812929135898433
59,20,2.081,0.8508874206503433
59,70,1.151,1
62,0,0,0
62,10,4.183,0.3485542871427381
62,20,4.865,0.7539371719023416
62,70,2.953,1
63,0,0,0
63,10,6.314,0.6138440598872253
63,20,2.063,0.8144079331129691
63,70,1.909,1
64,0,0,0
64,10,8.879,0.5539334955393349
64,20,1.751,0.6631729989394223
64,70,5.399,1
65,0,0,0
65,10,5.573,0.7673137821836706
65,20,0.805,0.8781495249896737
65,70,0.885,1
66,0,0,0
66,10,6.277,0.5797007757665312
66,20,2.725,0.8313631326191356
66,70,1.826,1
67,0,0,0
67,10,6.198,0.7735896155766351
67,20,1.22,0.9258612081877184
67,70,0.594,1
68,0,0,0
68,10,9.279,0.726568005637773
68,20,1.935,0.8780831571529245
68,70,1.557,0.9999999999999999
70,0,0,0
70,10,2.144,0.46236791028682334
70,20,2.144,0.9247358205736467
70,70,0.349,0.9999999999999999
72,0,0,0
72,10,7.296,0.6301062267898783
72,20,3.3,0.9151049313412212
72,70,0.983,1
73,0,0,0
73,10,8.721,0.8006793977230996
73,20,1.514,0.939680499449137
73,70,0.657,1
74,0,0,0
74,10,4.797,0.7436056425360409
74,20,1.122,0.9175321655557278
74,70,0.532,1
75,0,0,0
75,10,4.139,0.8400649482443677
75,20,0.339,0.9088694946214735
75,70,0.449,1
77,0,0,0
77,10,10.704,0.7714594594594595
77,20,1.755,0.897945945945946
77,70,1.416,1
80,0,0,0
80,10,6.167,0.7804353328271323
80,20,1.359,0.9524171095925081
80,70,0.376,0.9999999999999999
81,0,0,0
81,10,0.147,0.36934673366834164
81,20,0.027,0.43718592964824116
81,70,0.224,0.9999999999999999
85,0,0,0
85,10,0.077,0.48125
85,20,0.026,0.64375
85,70,0.057,1
87,0,0,0
87,10,2.093,0.7148224043715847
87,20,0.39699999999999996,0.8504098360655739
87,70,0.438,1
97,0,0,0
97,10,1.576,0.3114624505928854
97,20,2.139,0.7341897233201582
97,70,1.345,1
98,0,0,0
98,10,1.46,0.2629682997118155
98,20,3.547,0.9018371757925072
98,70,0.545,1
99,0,0,0
99,10,2.161,0.4052888222055514
99,20,1.755,0.7344336084021006
99,70,1.416,1
102,0,0,0
102,10,3.501,0.5210596815002233
102,20,1.342,0.72079178449174
102,70,1.876,1
103,0,0,0
103,10,2.372,0.25084602368866327
103,20,1.445,0.40365905245346867
103,70,5.639,1
105,0,0,0
105,10,1.191,0.728440366972477
105,20,0.113,0.7975535168195719
105,70,0.331,1
107,0,0,0
107,10,5.025,0.5503230752381996
107,20,2.568,0.8315628080166466
107,70,1.538,1
110,0,0,0
110,10,7.621,0.5868175868175869
110,20,2.818,0.8038038038038039
110,70,2.548,1
112,0,0,0
112,10,4.941,0.4544701986754967
112,20,3.909,0.8140176600441501
112,70,2.022,1
113,0,0,0
113,10,5.331,0.7164359629082112
113,20,1.21,0.8790485149845451
113,70,0.9,0.9999999999999999
115,0,0,0
115,10,12.904,0.8400494759455764
115,20,1.76,0.9546253499121151
115,70,0.697,1
116,0,0,0
116,10,12.338,0.903154966693507
116,20,0.623,0.9487592416367762
116,70,0.7,1
117,0,0,0
117,10,8.611,0.8050673148840688
117,20,1.031,0.9014584891548242
117,70,1.054,1
120,0,0,0
120,10,8.342,0.7055142083897159
120,20,2.221,0.89335250338295
120,70,1.261,1
121,0,0,0
121,10,0.8460000000000001,0.6034236804564908
121,20,0.106,0.6790299572039943
121,70,0.45,1
124,0,0,0
124,10,8.545,0.863567458312279
124,20,0.575,0.921677614957049
124,70,0.775,1
125,0,0,0
125,10,3.696,0.8277715565509519
125,20,0.29,0.8927211646136619
125,70,0.479,1
126,0,0,0
126,10,7.996,0.9347673602992752
126,20,0.41,0.9826981529109189
126,70,0.148,1
128,0,0,0
128,10,0.081,0.1603960396039604
128,20,0.055,0.2693069306930693
128,70,0.369,1
129,0,0,0
129,10,1.857,0.7386634844868735
129,20,0.257,0.8408910103420842
129,70,0.4,1
130,0,0,0
130,10,0.027,0.2477064220183486
130,20,0.003,0.27522935779816515
130,70,0.079,1
135,0,0,0
135,10,0.068,0.3451776649746193
135,20,0.046,0.5786802030456852
135,70,0.083,1
145,0,0,0
145,10,3.328,0.8370221327967806
145,20,0.204,0.8883299798792755
145,70,0.444,0.9999999999999999
146,0,0,0
146,10,6.032,0.7204968944099379
146,20,0.992,0.8389870998566651
146,70,1.348,1
147,0,0,0
147,10,0.081,0.022125102431029775
147,20,1.438,0.4149139579349904
147,70,2.142,1
149,0,0,0
149,10,4.666,0.5384260327717517
149,20,1.707,0.7354027232864067
149,70,2.293,1
150,0,0,0
150,10,3.583,0.5389590854392299
150,20,1.431,0.7542117930204573
150,70,1.634,1
154,0,0,0
154,10,4.326,0.6771012678040382
154,20,1.112,0.8511504147753953
154,70,0.951,1
155,0,0,0
155,10,5.43,0.5790764636877467
155,20,1.898,0.7814866161885465
155,70,2.049,1
156,0,0,0
156,10,7.257,0.7498450092994421
156,20,1.074,0.8608183508989461
156,70,1.347,1
157,0,0,0
157,10,6.771,0.5693743693239153
157,20,2.732,0.7991086444668686
157,70,2.389,1
158,0,0,0
158,10,6.546,0.6814490943160525
158,20,1.619,0.8499895898396835
158,70,1.441,1
161,0,0,0
161,10,1.472,0.6507515473032714
161,20,0.43000000000000005,0.8408488063660478
161,70,0.36,1
163,0,0,0
163,10,10.18,0.7861003861003861
163,20,1.645,0.9131274131274132
163,70,1.125,1
164,0,0,0
164,10,2.986,0.760183299389002
164,20,0.623,0.9187881873727086
164,70,0.319,0.9999999999999999
165,0,0,0
165,10,5.097,0.658442061749128
165,20,1.984,0.9147396977134736
165,70,0.66,1
167,0,0,0
167,10,0.798,0.5439672801635992
167,20,0.153,0.6482617586912065
167,70,0.516,1
170,0,0,0
170,10,3.722,0.9031788400873574
170,20,0.167,0.9437029847124484
170,70,0.232,1
171,0,0,0
171,10,5.197,0.8251825976500476
171,20,0.785,0.9498253413782153
171,70,0.316,1
172,0,0,0
172,10,12.13,0.846180676665504
172,20,1.001,0.9160097663062434
172,70,1.204,1
174,0,0,0
174,10,9.529,0.7970723546633208
174,20,1.511,0.9234629861982434
174,70,0.915,1
176,0,0,0
176,10,4.106,0.6786776859504132
176,20,1.325,0.8976859504132231
176,70,0.619,1
190,0,0,0
190,10,0.218,0.6264367816091955
190,20,0.028,0.706896551724138
190,70,0.102,1
194,0,0,0
194,10,4.081,0.42971464673054655
194,20,3.547,0.8032010108455303
194,70,1.869,1
195,0,0,0
195,10,4.065,0.3661172656038909
195,20,3.038,0.6397370080158516
195,70,4,1
196,0,0,0
196,10,2.728,0.4012354758052655
196,20,1.743,0.6575967053978526
196,70,2.328,1
197,0,0,0
197,10,7.653,0.6490543634975829
197,20,1.882,0.8086676278517514
197,70,2.256,1
200,0,0,0
200,10,2.329,0.24818840579710147
200,20,3.547,0.6261722080136403
200,70,3.508,1
201,0,0,0
201,10,7.135,0.6383644985237541
201,20,1.867,0.8054039545495213
201,70,2.175,1
203,0,0,0
203,10,6.758,0.5020802377414562
203,20,4.898,0.8659732540861813
203,70,1.804,1
204,0,0,0
204,10,8.517,0.5623266869140368
204,20,4.109,0.833619437475241
204,70,2.52,1
208,0,0,0
208,10,11.992,0.5773434114871696
208,20,5.071,0.8214818737663088
208,70,3.708,1
210,0,0,0
210,10,11.965,0.7852595655312725
210,20,1.712,0.8976176412679661
210,70,1.56,1
211,0,0,0
211,10,5.513,0.6963496273841101
211,20,1.702,0.9113300492610837
211,70,0.702,1
212,0,0,0
212,10,8.491,0.8445394867714342
212,20,0.741,0.9182414959220211
212,70,0.822,1
214,0,0,0
214,10,9.365,0.7975642990972577
214,20,0.691,0.8564128768523249
214,70,1.686,1
216,0,0,0
216,10,9.194,0.720702359488908
216,20,2.534,0.9193384024457161
216,70,1.029,0.9999999999999999
218,0,0,0
218,10,13.222,0.8503440735738633
218,20,0.792,0.9012798250691363
218,70,1.535,1
221,0,0,0
221,10,0.738,0.9055214723926381
221,20,0.054,0.9717791411042946
221,70,0.023,1
222,0,0,0
222,10,14.72,0.9011877066242194
222,20,0.716,0.9450226521366475
222,70,0.898,1
223,0,0,0
223,10,8.865,0.8551171988038969
223,20,0.971,0.9487797820005787
223,70,0.531,0.9999999999999999
229,0,0,0
229,10,4.417,0.9482610562473165
229,20,0.111,0.9720910261914986
229,70,0.13,1
241,0,0,0
241,10,2.802,0.414374445430346
241,20,1.498,0.6359065365276545
241,70,2.462,1
243,0,0,0
243,10,5.968,0.5428909305921951
243,20,2.419,0.7629400527608479
243,70,2.606,1
246,0,0,0
246,10,6.482,0.7054086407661334
246,20,1.492,0.8677766895200784
246,70,1.215,1
247,0,0,0
247,10,8.182,0.63480487237179
247,20,2.161,0.8024672201101715
247,70,2.546,1
249,0,0,0
249,10,5.839,0.5192991817858413
249,20,2.997,0.7858413376022768
249,70,2.408,1
250,0,0,0
250,10,6.799,0.5809125085440875
250,20,2.685,0.8103212576896788
250,70,2.22,1
252,0,0,0
252,10,4.178,0.6734364925854288
252,20,1.332,0.8881366860090265
252,70,0.694,1
253,0,0,0
253,10,4.198,0.5115768949549111
253,20,2.257,0.786619546673166
253,70,1.751,1
255,0,0,0
255,10,8.746,0.7013632718524458
255,20,2.313,0.8868484362469927
255,70,1.411,1
257,0,0,0
257,10,9.27,0.7182149221352754
257,20,1.904,0.865731773456264
257,70,1.733,1
259,0,0,0
259,10,6.981,0.6119389901823282
259,20,3.218,0.8940217391304348
259,70,1.209,1
260,0,0,0
260,10,11.336,0.6712856043110085
260,20,3.206,0.8611357849233138
260,70,2.345,1
263,0,0,0
263,10,12.536,0.7373250205858135
263,20,2.503,0.8845429949417716
263,70,1.963,1
269,0,0,0
269,10,4.721,0.7856548510567481
269,20,0.631,0.8906640039940089
269,70,0.657,0.9999999999999999
272,0,0,0
272,10,9.13,0.740470397404704
272,20,1.956,0.8991078669910787
272,70,1.244,1
289,0,0,0
289,10,3.278,0.45089408528198077
289,20,1.845,0.7046767537826686
289,70,2.147,1
293,0,0,0
293,10,5.734,0.6223138701975255
293,20,1.891,0.8275450401562838
293,70,1.589,1
294,0,0,0
294,10,3.122,0.4823856613102596
294,20,1.9,0.7759579728059334
294,70,1.45,1
295,0,0,0
295,10,3.086,0.46357217966050773
295,20,1.491,0.6875469430674478
295,70,2.08,1
296,0,0,0
296,10,3.663,0.46973582969992306
296,20,1.585,0.6729930751474738
296,70,2.55,1
299,0,0,0
299,10,7.693,0.6148006073683369
299,20,2.19,0.7898185886677854
299,70,2.63,0.9999999999999999
300,0,0,0
300,10,4.82,0.809539805172993
300,20,0.754,0.9361773597581458
300,70,0.38,1
302,0,0,0
302,10,7.972,0.7628708133971291
302,20,1.295,0.8867942583732057
302,70,1.183,0.9999999999999999
303,0,0,0
303,10,5.23,0.5852730528200538
303,20,2.462,0.8607878245299911
303,70,1.244,1.0000000000000002
304,0,0,0
304,10,9.71,0.7222552811663195
304,20,1.871,0.8614251710800357
304,70,1.863,1
305,0,0,0
305,10,8.124,0.7254866940525094
305,20,1.733,0.8802464725843901
305,70,1.341,1
306,0,0,0
306,10,11.601,0.78800434723543
306,20,2.269,0.942127428338541
306,70,0.852,1
307,0,0,0
307,10,1.293,0.8021091811414393
307,20,0.179,0.9131513647642681
307,70,0.14,1
308,0,0,0
308,10,7.147,0.8090332805071316
308,20,0.801,0.8997056825899933
308,70,0.886,1
310,0,0,0
310,10,11.498,0.7430048465266559
310,20,3.239,0.9523101777059774
310,70,0.738,1
311,0,0,0
311,10,7.898,0.7199635369188696
311,20,2.281,0.927894257064722
311,70,0.791,1
313,0,0,0
313,10,7.457,0.8693168570762416
313,20,0.762,0.9581487526229892
313,70,0.359,1
316,0,0,0
316,10,1.475,0.9265075376884422
316,20,0.052,0.9591708542713567
316,70,0.065,1
319,0,0,0
319,10,5.128,0.9170243204577968
319,20,0.264,0.9642346208869813
319,70,0.2,1
320,0,0,0
320,10,0.828,0.8230616302186878
320,20,0.029,0.8518886679920477
320,70,0.149,1
326,0,0,0
326,10,0.341,0.5328125
326,20,0.172,0.8015625
326,70,0.127,1
337,0,0,0
337,10,2.763,0.4004347826086957
337,20,3.142,0.8557971014492753
337,70,0.995,1
338,0,0,0
338,10,3.094,0.7455421686746989
338,20,0.597,0.8893975903614459
338,70,0.459,1.0000000000000002
339,0,0,0
339,10,5.426,0.4485780423280423
339,20,3.764,0.7597552910052909
339,70,2.906,1
340,0,0,0
340,10,2.162,0.402832122228433
340,20,1.875,0.7521893050121111
340,70,1.33,1
342,0,0,0
342,10,4.169,0.6917205906752946
342,20,0.863,0.8349095735855319
342,70,0.995,1
347,0,0,0
347,10,4.507,0.6422057566258192
347,20,1.861,0.9073810202336847
347,70,0.65,0.9999999999999999
349,0,0,0
349,10,11.21,0.8403928330459555
349,20,1.489,0.9520203913336832
349,70,0.64,1
350,0,0,0
350,10,5.815,0.6207301451750641
350,20,1.758,0.8083902647309992
350,70,1.795,1
351,0,0,0
351,10,0.713,0.5215801024140453
351,20,0.618,0.9736649597659106
351,70,0.036,0.9999999999999999
352,0,0,0
352,10,0.945,0.4297407912687585
352,20,1.069,0.9158708503865394
352,70,0.185,1
354,0,0,0
354,10,5.332,0.7779398891158448
354,20,1.152,0.9460169244236942
354,70,0.37,1
355,0,0,0
355,10,7.563,0.7669607544873744
355,20,1.679,0.9372274617178784
355,70,0.619,0.9999999999999999
356,0,0,0
356,10,6.367,0.8683851609383525
356,20,0.717,0.9661756683033279
356,70,0.248,1
357,0,0,0
357,10,7.612,0.7462013528085482
357,20,1.958,0.9381433192824232
357,70,0.631,1
358,0,0,0
358,10,8.232,0.7765305159890576
358,20,1.916,0.9572681822469579
358,70,0.453,1
366,0,0,0
366,10,3.39,0.9713467048710601
366,20,0.033,0.9808022922636103
366,70,0.067,1
368,0,0,0
368,10,4.27,0.666354556803995
368,20,1.535,0.9058988764044944
368,70,0.603,1
370,0,0,0
370,10,0.654,0.8731642189586115
370,20,0.023,0.903871829105474
370,70,0.072,1
375,0,0,0
375,10,2.591,0.7823067632850241
375,20,0.532,0.9429347826086956
375,70,0.189,1
385,0,0,0
385,10,1.212,0.5826923076923076
385,20,0.385,0.7677884615384615
385,70,0.483,0.9999999999999999
386,0,0,0
386,10,1.173,0.71875
386,20,0.267,0.8823529411764706
386,70,0.192,1
388,0,0,0
388,10,6.152,0.6233029381965551
388,20,1.355,0.7605876393110435
388,70,2.363,0.9999999999999999
390,0,0,0
390,10,2.788,0.3995986813816827
390,20,3.203,0.8586785151211123
390,70,0.986,1
392,0,0,0
392,10,3.664,0.40824512534818946
392,20,1.816,0.6105849582172702
392,70,3.495,1
395,0,0,0
395,10,5.03,0.7737271189047839
395,20,0.9,0.9121673588678665
395,70,0.571,1
396,0,0,0
396,10,4.338,0.41531833413116326
396,20,2.605,0.6647199617041647
396,70,3.502,1
398,0,0,0
398,10,3.668,0.7576946911795084
398,20,0.898,0.9431935550506094
398,70,0.275,1
400,0,0,0
400,10,4.338,0.6697545159796202
400,20,1.189,0.8533271576347075
400,70,0.95,1
401,0,0,0
401,10,8.084,0.7155882092590954
401,20,1.756,0.8710277064707446
401,70,1.4569999999999999,1
402,0,0,0
402,10,10.301,0.8844337597664634
402,20,0.76,0.9496866145788615
402,70,0.586,1
406,0,0,0
406,10,8.831,0.8361105851164552
406,20,0.855,0.9170611626585874
406,70,0.876,1
407,0,0,0
407,10,8.593,0.7842475130053846
407,20,1.229,0.8964132518025006
407,70,1.135,1
408,0,0,0
408,10,7.051,0.701382671839252
408,20,2.379,0.9380284492191385
408,70,0.623,1
410,0,0,0
410,10,5.067,0.8205668016194332
410,20,0.55,0.9096356275303643
410,70,0.558,1
414,0,0,0
414,10,11.064,0.8663377965703547
414,20,0.797,0.9287448124657427
414,70,0.91,1
415,0,0,0
415,10,6.335,0.7189876290999887
415,20,1.908,0.9355351265463625
415,70,0.568,1
1624,0,0,0
1624,10,7.737,0.8788050885960926
1624,20,0.8,0.9696728759654702
1624,70,0.267,1
1635,0,0,0
1635,10,3.633,0.6267034673106779
1635,20,1.398,0.867862687597033
1635,70,0.766,1
1637,0,0,0
1637,10,1.436,0.4407612031921424
1637,20,0.567,0.6147943523634131
1637,70,1.255,0.9999999999999999
1638,0,0,0
1638,10,0.978,0.37257142857142855
1638,20,0.956,0.7367619047619047
1638,70,0.691,1
1639,0,0,0
1639,10,1.339,0.534317637669593
1639,20,0.67,0.8016759776536313
1639,70,0.497,1
1640,0,0,0
1640,10,1.551,0.23686621869273058
1640,20,1.478,0.46258399511301157
1640,70,3.519,1
1642,0,0,0
1642,10,4.374,0.6008241758241758
1642,20,1.687,0.8325549450549451
1642,70,1.219,1
1643,0,0,0
1643,10,4.705,0.5979158724107256
1643,20,2.107,0.8656754352522558
1643,70,1.057,1
1646,0,0,0
1646,10,3.177,0.7016342756183745
1646,20,0.907,0.9019434628975265
1646,70,0.444,1
1647,0,0,0
1647,10,4.383,0.733433734939759
1647,20,0.747,0.858433734939759
1647,70,0.846,1
1648,0,0,0
1648,10,1.964,0.26274247491638797
1648,20,4.502,0.8650167224080267
1648,70,1.009,1
1650,0,0,0
1650,10,10.469,0.8415594855305466
1650,20,1.285,0.9448553054662379
1650,70,0.686,1
1652,0,0,0
1652,10,5.923,0.627303537386147
1652,20,2.833,0.927345901292099
1652,70,0.686,1
1653,0,0,0
1653,10,6.558,0.5919306796642295
1653,20,3.979,0.9510786172037187
1653,70,0.542,0.9999999999999999
1654,0,0,0
1654,10,3.929,0.41989954045099925
1654,20,4.307,0.880196644223576
1654,70,1.121,1
1656,0,0,0
1656,10,3.635,0.6894916540212443
1656,20,0.938,0.867412746585736
1656,70,0.699,1
1659,0,0,0
1659,10,3.199,0.8786047789068937
1659,20,0.374,0.9813238121395221
1659,70,0.068,1
1660,0,0,0
1660,10,2.064,0.8342764753435731
1660,20,0.152,0.8957154405820532
1660,70,0.258,0.9999999999999999
1661,0,0,0
1661,10,5.8,0.857100635436678
1661,20,0.791,0.9739914289936457
1661,70,0.176,1
1662,0,0,0
1662,10,3.031,0.9179285281647487
1662,20,0.124,0.9554815263476681
1662,70,0.147,1
1664,0,0,0
1664,10,6.843,0.8809217301750772
1664,20,0.566,0.9537847579814624
1664,70,0.359,1
1684,0,0,0
1684,10,3.451,0.5398936170212766
1684,20,0.924,0.6844493116395494
1684,70,2.017,1
1685,0,0,0
1685,10,1.389,0.5878121032585696
1685,20,0.77,0.9136690647482014
1685,70,0.204,1
1686,0,0,0
1686,10,7.559,0.8307506319375756
1686,20,0.792,0.9177931640839653
1686,70,0.748,1
1687,0,0,0
1687,10,5.509,0.7880131597768559
1687,20,0.676,0.8847089114575883
1687,70,0.806,1
1688,0,0,0
1688,10,6.801,0.46553494421247177
1688,20,2.957,0.6679444178246287
1688,70,4.851,1
1689,0,0,0
1689,10,9.003,0.7263998709052768
1689,20,1.476,0.8454897531063419
1689,70,1.915,1
1690,0,0,0
1690,10,2.281,0.8276487663280115
1690,20,0.475,0.9999999999999999
1690,70,0,0.9999999999999999
1691,0,0,0
1691,10,5.084,0.5142625935666599
1691,20,2.4,0.7570301436374671
1691,70,2.402,1
1693,0,0,0
1693,10,2.365,0.7981775227809653
1693,20,0.273,0.8903138710766116
1693,70,0.325,1
1695,0,0,0
1695,10,9.958,0.7889399461258121
1695,20,1.346,0.8955791475202028
1695,70,1.318,1
1698,0,0,0
1698,10,9.225,0.6879707659034977
1698,20,3.569,0.9541352822731002
1698,70,0.615,1
1699,0,0,0
1699,10,8.053,0.7453031004164739
1699,20,1.717,0.9042110134197131
1699,70,1.035,1
1801,0,0,0
1801,10,2.37,0.9154113557358053
1801,20,0.162,0.9779837775202781
1801,70,0.057,1
1802,0,0,0
1802,10,10.372,0.8374646750100928
1802,20,1.361,0.9473556721840937
1802,70,0.652,1
1805,0,0,0
1805,10,2.324,0.7637200131449228
1805,20,0.18,0.8228721656260269
1805,70,0.539,1
1806,0,0,0
1806,10,5.239,0.6035714285714285
1806,20,2.832,0.9298387096774193
1806,70,0.609,1
1808,0,0,0
1808,10,7.781,0.8375672766415501
1808,20,0.955,0.9403659849300323
1808,70,0.554,1
1811,0,0,0
1811,10,7.053,0.6940562881322575
1811,20,1.88,0.8790592403070263
1811,70,1.229,1
1813,0,0,0
1813,10,4.241,0.9036863413594716
1813,20,0.328,0.9735776688685276
1813,70,0.124,1
1816,0,0,0
1816,10,2.39,0.7969323107702567
1816,20,0.328,0.9063021007002334
1816,70,0.281,1
1830,0,0,0
1830,10,0.637,0.5141242937853107
1830,20,0.259,0.7231638418079095
1830,70,0.343,0.9999999999999999
1832,0,0,0
1832,10,8.182,0.8441143092953679
1832,20,0.847,0.9314969565665946
1832,70,0.664,1.0000000000000002
1835,0,0,0
1835,10,3.582,0.2655300222386953
1835,20,5.15,0.6472942920681987
1835,70,4.758,1
1837,0,0,0
1837,10,5.279,0.5438903770863384
1837,20,2.949,0.8477230579023285
1837,70,1.478,1
1838,0,0,0
1838,10,2.927,0.4664541832669323
1838,20,1.477,0.7018326693227092
1838,70,1.871,1
1839,0,0,0
1839,10,3.125,0.5536853295535081
1839,20,1.494,0.8183912119064494
1839,70,1.025,1
1840,0,0,0
1840,10,6.051,0.46877905175085216
1840,20,3.998,0.7785094515029438
1840,70,2.859,1
1842,0,0,0
1842,10,6.236,0.6460167823474569
1842,20,1.295,0.7801719672640631
1842,70,2.122,1.0000000000000002
1845,0,0,0
1845,10,8.243,0.7724674351044889
1845,20,1.061,0.8718957923343642
1845,70,1.367,1
1846,0,0,0
1846,10,7.014,0.8058363970588235
1846,20,0.772,0.89453125
1846,70,0.918,1
1848,0,0,0
1848,10,5.937,0.7331439861694246
1848,20,0.946,0.8499629538157569
1848,70,1.215,1
1849,0,0,0
1849,10,6.661,0.6249179097476312
1849,20,3.296,0.9341401632423305
1849,70,0.702,1
1851,0,0,0
1851,10,10.441,0.7199200165483004
1851,20,2.289,0.8777494311521754
1851,70,1.773,1
1853,0,0,0
1853,10,2.272,0.5381335859782094
1853,20,1.523,0.8988630980577925
1853,70,0.427,1
1856,0,0,0
1856,10,5.017,0.8364454818272757
1856,20,0.39,0.9014671557185728
1856,70,0.591,1
1860,0,0,0
1860,10,7.833,0.7144290404961693
1860,20,1.93,0.8904596862458957
1860,70,1.201,1
1863,0,0,0
1863,10,0.014,0.20289855072463767
1863,20,0.013,0.3913043478260869
1863,70,0.042,1
1877,0,0,0
1877,10,5.844,0.8162011173184358
1877,20,0.64,0.905586592178771
1877,70,0.676,1
1880,0,0,0
1880,10,3.588,0.9083544303797468
1880,20,0.19,0.9564556962025317
1880,70,0.172,1
1884,0,0,0
1884,10,1.844,0.3792677910324969
1884,20,1.077,0.6007815713698066
1884,70,1.941,1
1886,0,0,0
1886,10,3.493,0.527643504531722
1886,20,1.922,0.8179758308157099
1886,70,1.205,1
1887,0,0,0
1887,10,5.995,0.6223398733520191
1887,20,1.875,0.8169832866189142
1887,70,1.763,1
1888,0,0,0
1888,10,4.63,0.4756523525785905
1888,20,2.743,0.7574481199917813
1888,70,2.361,1
1889,0,0,0
1889,10,5.359,0.5268383798662997
1889,20,2.068,0.7301415650806135
1889,70,2.745,1
1891,0,0,0
1891,10,2.041,0.3514723609436886
1891,20,1.667,0.6385396934733941
1891,70,2.099,1
1894,0,0,0
1894,10,2.17,0.5778961384820239
1894,20,1.055,0.8588548601864181
1894,70,0.53,1
1898,0,0,0
1898,10,3.959,0.5447915233246181
1898,20,2.541,0.8944543828264757
1898,70,0.767,0.9999999999999999
1899,0,0,0
1899,10,5.838,0.6151738672286617
1899,20,2.092,0.8356164383561644
1899,70,1.56,1
1930,0,0,0
1930,10,11.932,0.8040431266846362
1930,20,1.698,0.9184636118598384
1930,70,1.21,1
1932,0,0,0
1932,10,3.134,0.8291005291005291
1932,20,0.583,0.9833333333333334
1932,70,0.063,1
1934,0,0,0
1934,10,0.603,0.4110429447852761
1934,20,0.142,0.5078391274710293
1934,70,0.722,1
1936,0,0,0
1936,10,0.151,0.40700808625336926
1936,20,0.036,0.5040431266846361
1936,70,0.184,1
1937,0,0,0
1937,10,7.296,0.8096770613694374
1937,20,0.714,0.8889135501054267
1937,70,1.001,1
1938,0,0,0
1938,10,3.779,0.7651346426402106
1938,20,0.853,0.9378416683539178
1938,70,0.307,1
1939,0,0,0
1939,10,0.096,0.6193548387096774
1939,20,0.006,0.6580645161290323
1939,70,0.053,1
1953,0,0,0
1953,10,5.464,0.4308808453591988
1953,20,2.248,0.6081539310779907
1953,70,4.969,1
1955,0,0,0
1955,10,0.419,0.33413078149920256
1955,20,0.623,0.8309409888357258
1955,70,0.212,1
1956,0,0,0
1956,10,5.915,0.5883815776385158
1956,20,2.45,0.8320899234059485
1956,70,1.688,1
1959,0,0,0
1959,10,0.955,0.4877425944841675
1959,20,0.64,0.8146067415730337
1959,70,0.363,1
1960,0,0,0
1960,10,6.433,0.6507181873356261
1960,20,2.094,0.8625328747724055
1960,70,1.359,1
1961,0,0,0
1961,10,4.333,0.5205430081691494
1961,20,2.48,0.8184766938971648
1961,70,1.511,1
1962,0,0,0
1962,10,8.046,0.6901698404529079
1962,20,1.659,0.832475553268142
1962,70,1.953,1
1963,0,0,0
1963,10,4.25,0.4801717320076828
1963,20,2.434,0.7551689074680827
1963,70,2.167,1
1966,0,0,0
1966,10,5.163,0.7449141538017603
1966,20,1.037,0.8945318135911124
1966,70,0.731,1
1969,0,0,0
1969,10,8.984,0.8162820279847356
1969,20,1.412,0.9445756859894603
1969,70,0.61,1
1971,0,0,0
1971,10,10.513,0.7332775336541815
1971,20,2.856,0.9324823882262676
1971,70,0.968,1
1972,0,0,0
1972,10,9.506,0.7157593554702206
1972,20,2.56,0.9085159250056472
1972,70,1.215,1
1974,0,0,0
1974,10,14.184,0.6950896795060276
1974,20,5.008,0.9405076938155444
1974,70,1.214,1
1977,0,0,0
1977,10,4.935,0.6201306861020357
1977,20,2.545,0.9399346569489822
1977,70,0.478,1
1979,0,0,0
1979,10,5.804,0.828787662430387
1979,20,0.853,0.95059260317007
1979,70,0.346,1
1982,0,0,0
1982,10,9.257,0.851061873678404
1982,20,0.877,0.9316907235450952
1982,70,0.743,1
1983,0,0,0
1983,10,13.055,0.9059680777238028
1983,20,0.794,0.9610687022900762
1983,70,0.561,0.9999999999999999
1986,0,0,0
1986,10,1.433,0.961744966442953
1986,20,0.022,0.9765100671140939
1986,70,0.035,1
1989,0,0,0
1989,10,1.716,0.8790983606557377
1989,20,0.118,0.9395491803278688
1989,70,0.118,1
1992,0,0,0
1992,10,2.191,0.8061074319352465
1992,20,0.343,0.9323031640912436
1992,70,0.184,1
1996,0,0,0
1996,10,1.334,0.7792056074766355
1996,20,0.112,0.844626168224299
1996,70,0.266,1
