date,pot_no,segment_top,segment_bottom,weight,species,notes
06/04/20,1,0,10,0.396,scam,
06/04/20,1,0,10,0.204,mixed fine roots,
06/04/20,1,0,10,1.033,sppa,
06/04/20,1,10,20,0.205,scam,
06/04/20,1,10,20,0.198,sppa,
06/04/20,1,10,20,0.147,mixed fine roots,
06/04/20,1,20,66.5,0.511,,
06/29/20,2,0,10,2.356,,
06/29/20,2,10,20,0.717,,
06/29/20,2,20,66,1.574,,
06/24/20,3,0,10,3.129,,
06/24/20,3,10,20,0.847,,
06/24/20,3,20,66.5,1.432,,
06/15/20,4,0,10,1.9,,
06/15/20,4,10,20,3.289,,
06/15/20,4,20,68,1.863,,
06/11/20,5,0,10,0.664,,
06/11/20,5,0,10,0.044,,scam?
06/11/20,5,10,20,0.756,,
06/11/20,5,20,60,1.013,,
07/13/20,6,0,1,3.647,,
07/13/20,6,10,20,2.674,,
07/13/20,6,20,65,1.112,,
06/23/20,7,0,10,5.807,,
06/23/20,7,10,20,1.441,,
06/23/20,7,20,66.5,0.163,scam,rhizome
06/23/20,7,20,66.5,1.117,scam,fine roots
06/10/20,8,0,10,3.861,scam,
06/10/20,8,0,10,0.909,sppa,
06/10/20,8,0,10,0.27,mixed fine roots,
06/10/20,8,10,20,2.571,,
06/10/20,8,20,68,3.49,,
06/23/20,9,0,10,5.107,scam,
06/23/20,9,0,10,0.25,sppa,
06/23/20,9,0,10,0.425,mixed fine roots,
06/23/20,9,10,20,2.581,mixed roots,
06/23/20,9,20,67,2.229,mixed roots,
06/11/20,10,0,10,5.614,,
06/11/20,10,10,20,1.147,,
06/11/20,10,20,65,1.33,,hsk washed
06/30/20,11,0,10,3.936,,
06/30/20,11,10,20,0.803,,
06/30/20,11,20,64,0.81,,
06/16/20,12,0,10,5.639,scam,
06/16/20,12,0,10,0.228,sppa,
06/16/20,12,0,10,0.261,mixed fine roots,
06/16/20,12,10,20,2.003,,
06/16/20,12,20,66,2.301,,
06/25/20,13,0,10,0.31,sppa,
06/25/20,13,0,10,6.038,scam,
06/25/20,13,0,10,0.28,mixed fine roots,
06/25/20,13,10,20,1.555,mixed roots,
06/25/20,13,20,66,1.662,mixed roots,
06/11/20,14,0,10,3.744,,
06/11/20,14,10,20,0.822,,
06/11/20,14,20,66,0.917,,
06/19/20,15,0,10,9.23,,
06/19/20,15,10,20,2.341,,
06/19/20,15,20,66,2.563,,
06/25/20,16,0,10,5.791,,
06/25/20,16,10,20,2.676,,
06/25/20,16,20,68,3.892,,
12/17/19,17,0,10,4.543,,
12/17/19,17,10,20,1.375,,
12/17/19,17,20,65,0.265,,
06/25/20,18,0,10,6.081,scam,
06/25/20,18,0,10,0.099,sppa,
06/25/20,18,0,10,0.285,mixed fine roots,
06/25/20,18,10,20,2.444,no visible sppa,
06/25/20,18,20,64,1.04,mixed fine roots,
06/25/20,18,20,64,0.239,scam,rhizome
12/23/19,19,0,10,5.046,,
12/23/19,19,10,20,1.83,,
12/23/19,19,20,65.5,0.769,,
12/11/19,20,0,10,3.83,,
12/11/19,20,10,20,1.808,,
12/11/19,20,20,63.5,0.464,,
06/19/20,21,0,10,5.055,,
06/19/20,21,10,20,0.741,,
06/19/20,21,20,end,0.951,,
06/16/20,22,0,10,3.348,scam,
06/16/20,22,0,10,0.69,sppa,
06/16/20,22,0,10,0.244,mixed fine roots,
06/16/20,22,10,20,1.055,,
06/16/20,22,20,66,0.008,scam,rhizome
06/16/20,22,20,66,0.575,mixed fine roots,
07/01/20,23,0,10,7.5,,
07/01/20,23,10,20,1.122,,
07/01/20,23,20,66,0.893,,
06/25/20,24,0,10,3.552,scam,
06/25/20,24,0,10,0.197,mixed fine roots,
06/25/20,24,0,10,0.323,sppa,
06/25/20,24,10,20,1.486,mixed roots,
06/25/20,24,20,end,0.678,mixed fine roots,
06/16/20,25,0,10,2.275,scam,
06/16/20,25,0,10,0.084,sppa,
06/16/20,25,0,10,0.086,mixed fine roots,
06/16/20,25,10,20,0.2,mixed fine roots,
06/16/20,25,20,64,0.428,mixed fine roots,
12/20/19,26,0,10,5.67,,
12/20/19,26,10,20,0.863,,
12/20/19,26,20,64.5,0.471,,
06/30/20,27,0,10,7.117,,
06/30/20,27,10,20,1.272,,
06/30/20,27,20,end,0.998,,
06/25/20,28,0,10,0.199,sppa,
06/25/20,28,0,10,0.106,mixed fine roots,
06/25/20,28,10,20,0.099,mixed fine roots,
06/25/20,28,20,61,0.393,mixed fine roots,
07/17/20,29,0,end,0.28,sppa,
07/17/20,29,0,end,0.677,mixed fine roots,mostly dead scam
12/06/19,30,0,10,4.198,,
12/06/19,30,10,20,0.764,,
12/06/19,30,20,65.5,0.264,,
12/05/19,31,0,10,8.386,,
12/05/19,31,10,20,1.465,,
12/05/19,31,20,*,0.485,,"*bag just says ""20--"" for segment, no max"
06/30/20,37,0,10,0.796,scam,
06/30/20,37,0,10,0.048,mixed fine roots,
06/30/20,37,0,10,0.004,sppa,rhizome
06/30/20,37,10,20,0.045,,
06/30/20,37,20,61,0.294,,
06/29/20,40,0,10,1.384,,
06/29/20,40,10,20,0.179,,
06/29/20,40,20,end,0.526,,
06/30/20,49,0,10,2.466,sppa,
06/30/20,49,0,10,0.934,scam,
06/30/20,49,0,10,0.188,mixed fine roots,
06/30/20,49,10,20,1.634,mixed roots,
06/30/20,49,20,65,1.91,mixed roots,
06/30/20,50,0,10,0.867,scam,
06/30/20,50,0,10,1.277,sppa,
06/30/20,50,0,10,0.151,mixed fine roots,
06/30/20,50,10,20,0.995,mixed roots,
06/30/20,50,20,69,1.548,mixed roots,
07/13/20,51,0,10,5.399,,
07/13/20,51,10,20,1.21,,
07/13/20,51,20,end,0.816,,
06/24/20,52,0,10,2.925,,
06/24/20,52,10,20,2.277,,
06/24/20,52,20,64,3.367,,
06/30/20,53,0,10,4.846,,
06/30/20,53,10,20,1.039,,
06/30/20,53,20,65,0.831,,
06/18/20,54,0,10,6.633,,
06/18/20,54,10,20,2.071,,
06/18/20,54,20,66,2.939,,
06/26/20,55,0,10,2.774,sppa,
06/26/20,55,0,10,1.005,scam,
06/26/20,55,0,10,0.213,mixed fine roots,
06/26/20,55,10,20,1.282,mixed roots,
06/26/20,55,20,67,1.266,mixed fine roots,
06/19/20,56,0,10,5.416,,
06/19/20,56,10,20,1.935,,
06/19/20,56,20,66,2.019,,
06/25/20,57,0,10,3.778,,
06/25/20,57,10,20,1.714,,
06/25/20,57,20,65,1.064,,
06/26/20,58,0,10,1.868,scam,
06/26/20,58,0,10,1.917,sppa,
06/26/20,58,0,10,0.165,mixed fine roots,
06/26/20,58,10,20,1.236,mixed fine roots,washed by mm
06/26/20,58,20,67,0.642,mixed fine roots,
06/24/20,59,0,10,4.487,,
06/24/20,59,10,20,2.081,,
06/24/20,59,20,end,1.151,,
06/19/20,60,0,10,0.135,mixed fine roots,
06/19/20,60,0,10,1.653,sppa,
06/19/20,60,0,10,1.177,scam,
06/19/20,60,10,20,0.885,mixed roots,
06/19/20,60,20,66,0.905,mixed roots,
06/18/20,61,0,10,4.681,scam,
06/18/20,61,0,10,0.862,sppa,
06/18/20,61,0,10,0.306,mixed fine roots,
06/18/20,61,10,20,2.183,mixed roots,
06/18/20,61,20,64,2.259,mixed roots,
07/13/20,62,0,10,4.183,,
07/13/20,62,10,20,4.865,,
07/13/20,62,20,66,2.953,,
06/19/20,63,0,10,6.314,,
06/19/20,63,10,20,2.063,,
06/19/20,63,20,67,1.909,,
07/07/20,64,0,10,8.879,,
07/07/20,64,10,20,1.751,,
07/07/20,64,20,6,5.399,,
07/13/20,65,0,10,5.573,,
07/13/20,65,10,20,0.805,,
07/13/20,65,20,66,0.885,,
06/16/20,66,0,10,6.277,,
06/16/20,66,10,20,2.725,,
06/16/20,66,20,67,1.826,,
12/31/19,67,0,10,6.198,,
12/31/19,67,10,20,1.22,,
12/31/19,67,20,61,0.594,mixed fine roots,
07/15/20,68,0,10,9.279,,
07/15/20,68,10,20,1.935,,
07/15/20,68,20,66,1.557,,
07/13/20,69,0,10,5.201,scam,
07/13/20,69,0,10,0.398,sppa,
07/13/20,69,0,10,0.449,mixed fine roots,
07/13/20,69,10,20,2.147,mixed roots,
07/13/20,69,20,65,1.156,mixed fine roots,
12/17/19,70,0,10,2.144,,
12/17/19,70,10,20,2.144,,
12/17/19,70,20,67,0.349,,
07/16/20,71,0,10,7.312,scam,
07/16/20,71,0,10,1.59,sppa,
07/16/20,71,0,10,0.29,mixed rotts,
07/16/20,71,10,20,2.16,mixed roots,
07/16/20,71,20,68,1.728,mixed roots,
12/09/19,72,0,10,7.296,,
12/09/19,72,10,20,3.3,,
12/09/19,72,20,62,0.983,,
12/04/19,73,0,10,8.721,,
12/04/19,73,10,20,1.514,,
12/04/19,73,20,68,0.657,,
07/01/20,74,0,10,4.797,,
07/01/20,74,10,20,1.122,,
07/01/20,74,20,65,0.532,,
12/20/19,75,0,10,4.139,,
12/20/19,75,10,20,0.339,,
12/20/19,75,20,66,0.449,,
07/13/20,76,0,10,9.451,scam,
07/13/20,76,0,10,0.321,sppa,
07/13/20,76,0,10,0.143,mixed fine roots,
07/13/20,76,10,20,1.493,,mixed rhizome + roots
07/13/20,76,20,68,1.539,mixed roots,
06/30/20,77,0,10,10.704,,
07/01/20,77,10,20,1.755,,
06/30/20,77,20,66,1.416,,
07/01/20,78,0,10,4.106,scam,
07/01/20,78,0,10,0.611,SPPA,
07/01/20,78,0,10,0.106,mixed fine roots,
07/01/20,79,0,10,3.99,scam,
07/01/20,79,0,10,0.096,sppa,rhizome
07/01/20,79,0,10,0.468,mixed fine roots,
07/01/20,79,10,20,1.143,mixed roots,
07/01/20,79,20,64,0.615,mixed fine roots,
12/20/19,80,0,10,6.167,,
12/20/19,80,10,20,1.359,,
12/20/19,80,20,66.5,0.376,,
12/05/19,81,0,10,0.147,,
12/05/19,81,10,20,0.027,,
12/05/19,81,20,70,0.224,,
12/10/19,85,0,10,0.077,,
12/10/19,85,10,20,0.026,,
12/10/19,85,20,end,0.057,,
06/19/20,87,0,10,2.093,,
06/19/20,87,10,20,0.111,scam,rhizome
06/19/20,87,10,20,0.286,scam,fine roots
06/19/20,87,20,62,0.438,scam,fine roots
07/17/20,88,0,10,2.2,scam,
07/17/20,88,0,10,0.292,mixed fine roots,
07/17/20,88,10,20,0.283,mixed fine roots,
07/17/20,88,20,end,0.51,mixed fine roots,
12/10/19,95,0,10,0.03,,
12/10/19,95,10,20,0.055,,
12/10/19,95,20,62.5,0.093,,
03/10/20,97,0,10,1.576,,
03/10/20,97,10,20,2.139,,
03/10/20,97,20,end,1.345,,
07/21/20,98,0,10,1.46,,
07/21/20,98,10,20,3.547,,
07/21/20,98,20,65,0.545,,
07/01/20,99,0,10,2.161,,
07/01/20,99,10,20,1.755,,
07/01/20,99,20,66,1.416,,
07/21/20,100,0,10,2.536,scam,
07/21/20,100,0,10,1.7,sppa,
07/21/20,100,0,10,0.192,mixed fine roots,
07/21/20,100,10,20,1.788,mixed roots,
07/21/20,100,20,67,2.839,mixed roots,
07/22/20,101,0,10,0.117,mixed fine roots,
07/22/20,101,0,10,0.052,scam,rhizome
07/22/20,101,0,10,3.519,sppa,
07/22/20,101,10,20,1.025,mixed roots,
07/22/20,101,20,68,1.398,mixed roots,
02/10/20,102,0,10,3.501,,
02/10/20,102,10,20,1.342,,
02/10/20,102,20,64.5,1.876,,
06/16/20,103,0,10,2.372,,
06/16/20,103,10,20,1.445,,
06/16/20,103,20,65,5.639,,
07/15/20,104,0,10,2.751,scam,
07/15/20,104,0,10,1.743,sppa,
07/15/20,104,0,10,0.095,mixed roots,
07/15/20,104,10,20,1.822,mixed roots,
07/15/20,104,20,66,2.027,mixed roots,
06/11/20,105,0,10,1.191,,
06/11/20,105,10,20,0.113,,
06/11/20,105,20,end,0.331,,
07/21/20,106,0,10,0.83,scam,
07/21/20,106,0,10,2.572,sppa,
07/21/20,106,0,10,0.191,mixed roots,
07/21/20,106,10,20,1.521,,mixed scam/sppa
07/21/20,106,20,64,1.156,,mixed scam/sppa
06/09/20,107,0,10,5.025,,
06/09/20,107,10,20,2.568,,
06/09/20,107,20,66.5,1.538,,
07/17/20,109,0,10,2.776,scam,
07/17/20,109,0,10,2.016,sppa,
07/17/20,109,0,10,0.26,mixed fine roots,
07/17/20,109,10,20,1.484,mixed roots,
07/17/20,109,20,end,1.214,mixed roots,
07/15/20,110,0,10,7.621,,
07/15/20,110,10,20,2.818,,
07/15/20,110,20,67,2.548,,
07/21/20,111,0,10,4.154,scam,
07/21/20,111,0,10,0.99,sppa,
07/21/20,111,0,10,0.509,mixed roots,
07/21/20,111,10,20,2.766,mixed roots,
07/21/20,111,20,65,1.552,,mixed scam/sppa
07/21/20,112,0,10,4.941,,
07/21/20,112,10,20,3.909,,
07/21/20,112,20,67,2.022,,
07/17/20,113,0,10,5.331,,
07/17/20,113,10,20,1.21,,
07/17/20,113,20,66,0.9,,
02/21/20,114,0,10,0.678,sppa,
02/21/20,114,0,10,0.841,scam,sppa & scam fine roots tangled together in these groups
02/21/20,114,0,10,6.665,scam,
02/21/20,114,10,20,1.43,,
02/21/20,114,20,65,0.782,,
12/11/19,115,0,10,12.904,,
12/11/19,115,10,20,1.76,,
12/11/19,115,20,62,0.697,,
12/18/19,116,0,10,12.338,,
12/18/19,116,10,20,0.623,,
12/18/19,116,20,62,0.7,,
07/21/20,117,0,10,8.611,,
07/21/20,117,10,20,1.031,,
07/21/20,117,20,65,1.054,,
07/17/20,118,0,10,6.076,scam,
07/17/20,118,0,10,1.207,sppa,
07/17/20,118,0,10,0.254,mixed roots,
07/17/20,118,10,20,1.645,mixed roots,
07/17/20,118,20,64,1.162,mixed roots,
05/28/20,119,0,10,6.948,scam,
05/28/20,119,0,10,0.395,mixed fine roots,
05/28/20,119,0,10,0.119,sppa,
05/28/20,119,10,20,2.333,,
05/28/20,119,20,64,1.783,fine roots,
12/17/19,120,0,10,8.342,,
12/17/19,120,10,20,2.221,,
12/17/19,120,20,66,1.261,,
12/04/19,121,0,10,0.193,mixed fine roots,
12/04/19,121,0,10,0.653,,rhizome & stems
12/4/19,121,10,20,0.106,mixed fine roots,
12/04/19,121,20,65,0.45,mixed fine roots,
02/14/20,122,0,10,0.16,mixed fine roots,
02/14/20,122,0,10,0.243,sppa,
02/14/20,122,0,10,6.109,scam,
02/14/20,122,10,20,1.311,,
02/14/20,122,20,65,0.372,scam,rhizome
02/14/20,122,20,65,0.927,mixed fine roots,
01/08/20,124,0,10,8.545,,
01/08/20,124,10,20,0.575,,
01/08/20,124,20,65,0.775,,
07/16/20,125,0,10,3.696,,
07/16/20,125,10,20,0.29,,
07/16/20,125,20,64,0.479,,
12/18/19,126,0,10,7.996,,
12/18/19,126,10,20,0.41,,
12/18/19,126,20,63.5,0.148,,
07/16/20,128,0,10,0.081,,
07/16/20,128,10,20,0.055,,
07/16/20,128,20,end,0.369,,
07/14/20,129,0,10,1.857,,
07/14/20,129,10,20,0.257,,
07/14/20,129,20,end,0.4,,
12/09/19,130,0,10,0.027,,
12/09/19,130,10,20,0.003,,
12/09/19,130,20,66,0.079,,
07/17/20,132,0,10,1.792,scam,
07/17/20,132,0,10,0.187,sppa,
07/17/20,132,0,10,0.142,mixed roots,
07/17/20,132,10,20,0.249,mixed roots,
07/17/20,132,20,65,0.247,mixed fine roots,
06/11/20,133,0,10,0.786,,
06/11/20,133,10,end,0.285,,
12/10/19,135,0,10,0.068,,
12/10/19,135,10,20,0.046,,
12/10/19,135,20,end,0.083,,
02/21/20,145,0,10,3.328,,
02/21/20,145,10,20,0.204,,
02/21/20,145,20,67,0.444,,
06/09/20,146,0,10,6.032,,
06/09/20,146,10,20,0.992,,
06/09/20,146,20,67,1.348,fine roots,hsk washed
07/16/20,147,0,10,0.081,,
07/16/20,147,10,20,1.438,,
07/16/20,147,20,65,2.142,,
07/14/20,148,0,10,3.641,scam,
07/14/20,148,0,10,0.256,sppa,
07/14/20,148,0,10,0.289,mixed fine roots,
07/14/20,148,10,20,0.257,,mixed rhizome + roots
07/14/20,148,20,65,4.095,,mixed rhizome + roots
01/15/20,149,0,10,4.666,,
01/15/20,149,10,20,1.707,,
01/15/20,149,20,66.5,2.293,,
12/03/19,150,0,10,3.583,,
12/03/19,150,10,20,1.431,,
12/03/19,150,20,65.5,1.634,,
07/14/20,151,0,10,2.65,sppa,
07/14/20,151,0,10,1.113,scam,
07/14/20,151,0,10,0.444,mixed fine roots,
07/14/20,151,10,20,1.529,mixed roots,
07/14/20,151,20,64,1.857,mixed fine roots,
07/15/20,152,0,10,2.704,sppa,
07/15/20,152,0,10,0.025,scam,rhizome
07/15/20,152,0,10,0.311,mixed fine roots,
07/15/20,152,10,20,0.788,mixed roots,
07/15/20,152,20,65,1.199,mixed roots,
07/14/20,153,0,10,4.709,scam,
07/14/20,153,0,10,1.309,sppa,
07/14/20,153,0,10,0.181,mixed roots,
07/14/20,153,10,20,1.145,,
07/14/20,153,20,66,0.823,,
01/13/20,154,0,10,4.326,,
12/16/19,154,10,20,1.152,,
01/13/20,154,10,20,1.112,,
01/13/20,154,20,66,0.951,,
06/10/20,155,0,10,5.43,,
06/11/20,155,10,20,1.898,,
06/10/20,155,20,65.5,2.049,,
07/16/20,156,0,10,7.257,,
07/16/20,156,10,20,1.074,,
07/16/20,156,20,64,1.347,,
06/15/20,157,0,10,6.771,,
06/15/20,157,10,20,2.732,,
06/15/20,157,20,67,2.389,,
06/15/20,158,0,10,6.546,,
06/15/20,158,10,20,1.619,,
06/15/20,158,20,65,1.441,,
06/02/20,159,0,10,6.076,scam,
06/02/20,159,0,10,0.509,sppa,
06/02/20,159,0,10,0.367,mixed fine roots,
06/02/20,159,10,20,2.104,,
06/02/20,159,20,65,1.671,,
06/11/20,160,0,10,1.962,sppa,
06/11/20,160,0,10,0.186,mixed fine roots,
06/11/20,160,10,20,0.398,mixed roots,
06/11/20,160,20,64.5,0.401,mixed fine roots,
06/04/20,161,0,10,1.472,,
06/04/20,161,10,20,0.264,fine roots,
06/04/20,161,10,20,0.166,,rhizome
06/04/20,161,20,end,0.36,fine roots,
06/29/20,162,0,10,0.817,sppa,
06/29/20,162,0,10,9.404,scam,
06/29/20,162,0,10,0.28,mixed fine roots,
06/29/20,162,10,20,2.708,mixed fine roots,ad washed
06/29/20,162,20,67,1.703,mixed fine roots,ad washed
02/11/20,163,0,10,10.18,,
02/11/20,163,10,20,1.645,,
02/11/20,163,20,66.5,1.125,,
12/23/19,164,0,10,2.986,,
12/23/19,164,10,20,0.623,,
12/23/19,164,20,65,0.319,,
11/05/19,165,0,10,5.097,,
11/05/19,165,20,64,0.66,,
02/11/20,166,0,10,0.128,sppa,
02/11/20,166,0,10,0.246,mixed roots,
02/11/20,166,0,10,5.686,scam,
02/11/20,166,10,20,0.876,,
02/11/20,166,20,66,0.844,,
06/10/20,167,0,10,0.798,,
06/10/20,167,10,20,0.153,,
06/10/20,167,20,63,0.516,,
02/07/20,168,0,10,0.339,mixed roots,
02/07/20,168,0,10,0.099,sppa,
02/07/20,168,0,10,5.036,scam,
02/07/20,168,10,20,2.157,,
02/07/20,168,20,end,0.796,,hose
06/02/20,169,0,10,3.707,scam,
06/02/20,169,0,10,0.117,sppa,
06/02/20,169,0,10,0.207,mixed fine roots,
06/02/20,169,10,20,0.384,mixed fine roots,
06/02/20,169,20,65,0.672,mixed fine roots,
12/26/19,170,0,10,3.722,,
12/26/19,170,10,20,0.167,,
12/26/19,170,20,end,0.232,,
02/20/20,171,0,10,5.197,,
02/20/20,171,10,20,0.785,,
02/20/20,171,20,64,0.316,,
06/11/20,172,0,10,12.13,,
06/11/20,172,10,20,1.001,,
06/11/20,172,20,64.5,1.204,scam,fine roots
06/11/20,173,0,10,0.118,sppa,
06/11/20,173,0,10,0.269,mixed fine roots,
06/11/20,173,0,10,5.716,scam,
06/11/20,173,10,20,0.362,mixed fine roots,
06/11/20,173,20,end,0.391,mixed fine roots,
12/19/19,174,0,10,9.529,,
12/19/19,174,10,20,1.511,,
12/19/19,174,20,66.5,0.915,,
02/25/20,175,0,10,0.132,sppa,c4
02/25/20,175,0,10,0.039,mixed roots,
02/25/20,175,0,10,3.83,scam,c3
02/25/20,175,10,20,0.444,,
02/25/20,175,20,65,0.442,,
11/15/19,176,0,10,4.106,,
11/15/19,176,10,20,1.325,,
11/15/19,176,20,62.5,0.619,,
12/09/19,178,0,10,0.205,sppa,
12/09/19,178,0,10,0,scam,empty
12/09/19,178,0,10,0.044,mixed roots,
12/09/19,178,10,20,0.032,,
12/09/19,178,20,67.5,0.133,,
02/21/20,183,0,10,0.085,mixed,
02/21/20,183,0,10,0.024,sppa,
02/21/20,183,0,10,0.864,scam,
02/21/20,183,10,20,0.101,,
02/21/20,183,20,end,0.319,,
12/09/19,190,0,10,0.218,,
12/09/19,190,10,20,0.028,,
12/09/19,190,20,64.5,0.102,,
02/12/20,193,0,10,0.107,mixed fine roots,
02/12/20,193,0,10,2.443,sppa,
02/12/20,193,0,10,0.721,scam,
02/12/20,193,10,20,0.286,scam,
02/12/20,193,10,20,0.137,mixed fine roots,
02/12/20,193,10,20,0.832,sppa,
02/12/20,193,20,64.5,1.753,,
03/03/20,194,0,10,4.081,,
03/03/20,194,10,20,3.547,,
03/03/20,194,20,64,1.869,,
06/18/20,195,0,10,4.065,,
06/18/20,195,10,20,3.038,,
06/18/20,195,20,66,4,,
02/11/20,196,0,10,2.728,,
02/11/20,196,10,20,1.743,,HSK
02/11/20,196,20,65.5,2.328,,
06/16/20,197,0,10,7.653,,
06/16/20,197,10,20,1.882,,
06/16/20,197,20,65,2.256,,
02/19/20,198,0,10,0.234,mixed fine roots,
02/19/20,198,0,10,3.372,scam,quite a lot of sppa/fine roots in scam rhizome
02/19/20,198,0,10,1.987,sppa,
02/19/20,198,10,20,1.332,,
02/19/20,198,20,64.5,0.445,scam,rhizome & stems
02/19/20,198,20,64.5,1.344,mixed fine roots,
07/14/20,199,0,10,3.549,scam,
07/14/20,199,0,10,0.293,mixed fine roots,
07/14/20,199,0,10,2.416,sppa,
07/14/20,199,10,20,1.627,mixed roots,
07/14/20,199,20,65,1.931,mixed roots,
03/03/20,200,0,10,2.329,,
03/03/20,200,10,20,3.547,,
03/03/20,200,20,64,3.508,,
05/28/20,201,0,10,7.135,,
05/28/20,201,10,20,1.867,,
05/28/20,201,20,68,2.175,,
01/14/20,203,0,10,6.758,,
01/14/20,203,10,20,4.898,,
01/14/20,203,20,65.5,1.804,,
02/13/20,204,0,10,8.517,,
02/13/20,204,10,20,4.109,,
02/13/20,204,20,64,2.52,,
02/18/20,205,0,10,8.571,,
02/18/20,205,0,65.5,3.154,,
02/18/20,205,10,20,3.518,,
02/18/20,205,20,65.5,1.353,,
02/11/20,206,0,10,0.286,mixed fine roots,
02/11/20,206,0,10,1.23,sppa,
02/11/20,206,0,10,4.729,scam,
02/11/20,206,10,20,4.592,,HSK only
02/11/20,206,20,65,1.874,,HSK only
06/10/20,207,0,10,8.37,scam,
06/10/20,207,0,10,1.607,sppa,
06/10/20,207,0,10,0.31,mixed fine roots,
06/10/20,207,10,20,2.541,,
06/10/20,207,20,67,2.562,,
02/07/20,208,0,10,11.992,,
02/07/20,208,10,20,5.071,,
02/07/20,208,20,66,3.708,,
01/14/20,209,0,10,0.52,sppa,
01/14/20,209,0,10,2.769,scam,
01/14/20,209,10,20,0.266,,
01/14/20,209,20,66.5,0.232,,
01/16/20,210,0,10,11.965,,
01/16/20,210,10,20,1.712,,
01/16/20,210,20,64,1.56,,
02/11/20,211,0,10,5.513,,
02/11/20,211,10,20,1.702,,
02/11/20,211,20,64,0.702,,
02/20/20,212,0,10,8.491,,
02/20/20,212,10,20,0.741,,
02/20/20,212,20,61,0.822,,
02/04/20,213,0,10,0.928,mixed roots,
02/04/20,213,0,10,0.389,sppa,
02/04/20,213,0,10,6.83,scam,
02/04/20,213,10,20,1.814,,
02/04/20,213,20,end,0.616,,
01/16/20,214,0,10,9.365,,
01/16/20,214,20,63,1.686,,
02/11/20,215,0,10,2.192,sppa,
02/11/20,215,10,20,0.205,,
02/11/20,215,20,64,0.162,,
12/04/19,216,0,10,9.194,,
12/04/19,216,10,20,2.534,,
12/04/19,216,20,66,1.029,,
02/19/20,217,0,10,0.132,mixed fine roots,
02/19/20,217,0,10,0.216,sppa,
02/19/20,217,0,10,2.82,scam,stem
02/19/20,217,0,10,1.235,scam,
02/15/20,217,10,20,2.708,,GP washed
02/19/20,217,20,65,0.557,mixed fine roots,
02/13/20,218,0,10,13.222,,
02/13/20,218,10,20,0.792,,
02/13/20,218,20,64,1.535,,
02/18/20,219,0,10,0.339,sppa,
02/18/20,219,0,10,0.171,mixed fine roots,
02/18/20,219,0,10,6.891,scam,
02/18/20,219,10,20,0.878,,
02/18/20,219,20,63,0.738,mixed fine roots,
11/14/19,221,0,10,0.738,,
11/14/19,221,10,20,0.054,,
11/14/19,221,20,62,0.023,,
01/16/20,222,0,10,14.72,,
01/16/20,222,10,20,0.716,,
01/16/20,222,20,63,0.898,,
02/12/20,223,0,10,8.865,,
02/12/20,223,10,20,0.971,,
02/12/20,223,20,64,0.531,,
02/21/20,228,0,10,0.076,mixed fine roots,
02/21/20,228,0,10,0.146,sppa,
02/21/20,228,0,10,1.169,scam,
02/21/20,228,10,20,0.145,,
02/21/20,228,20,end,0.321,,mostly dead roots
02/13/20,229,0,10,4.417,,
02/13/20,229,10,20,0.111,,
02/13/20,229,20,crumbles,0.13,,
08/11/20,241,0,10,2.802,,
08/11/20,241,10,20,1.498,,
08/11/20,241,20,66,2.462,,
02/11/20,242,0,10,0.248,mixed roots,
02/11/20,242,0,10,0.405,scam,
02/11/20,242,0,10,4.701,sppa,
02/11/20,242,10,20,1.245,,
02/11/20,242,20,66.5,2.707,,
08/18/20,243,0,10,5.968,,
08/18/20,243,10,20,2.419,,
08/18/20,243,20,end,2.606,,
01/17/20,244,0,10,4.517,scam,
01/17/20,244,0,10,2.211,sppa,
01/17/20,244,10,20,1.765,,
01/17/20,244,20,66,1.805,,
10/31/19,245,0,10,3.58,scam,
10/31/19,245,0,10,2.901,sppa,
10/31/19,245,10,20,1.556,,
10/31/19,245,20,68,1.581,,
08/18/20,246,0,10,6.482,,
08/18/20,246,10,20,1.492,,
08/18/20,246,20,66,1.215,,
08/14/20,247,0,10,8.182,,
08/14/20,247,10,20,2.161,,
08/14/20,247,20,66,2.546,,
08/13/20,249,0,10,5.839,,
08/13/20,249,10,20,2.997,,
08/13/20,249,20,66,2.408,,
08/11/20,250,0,10,6.799,,
08/11/20,250,10,20,2.685,,
08/11/20,250,20,65,2.22,,
01/21/20,251,0,10,0.457,mixed fine roots,
01/21/20,251,0,10,0.13,sppa,
01/21/20,251,0,10,7.064,scam,
01/21/20,251,10,20,2.891,,
01/21/20,251,20,66,2.089,,
08/13/20,252,0,10,4.178,,
08/13/20,252,10,20,1.332,,
08/13/20,252,20,66,0.694,,
08/13/20,253,0,10,4.198,,
08/13/20,253,10,20,2.257,,
08/13/20,253,20,66,1.751,,
01/16/20,254,0,10,0.189,mixed fine roots,
01/16/20,254,0,10,2.246,sppa,
01/16/20,254,0,10,1.493,scam,
01/16/20,254,10,20,1.065,,
01/16/20,254,20,66,1.009,,
08/20/20,255,0,10,8.746,,
08/20/20,255,10,20,2.313,,
08/20/20,255,20,68,1.411,,
01/29/20,256,0,10,1.235,sppa,
01/29/20,256,0,10,0.266,mixed roots,
01/29/20,256,0,10,6.095,scam,
01/29/20,256,10,20,3.521,,
01/29/20,256,20,66,2.195,,
08/14/20,257,0,10,9.27,,
08/14/20,257,10,20,1.904,,
08/14/20,257,20,64,1.733,,
01/21/20,258,0,10,0.42,sppa,
01/21/20,258,0,10,9.85,scam,
01/21/20,258,10,20,2.439,,
01/21/20,258,20,67,1.501,,
08/12/20,259,0,10,6.981,,
08/13/20,259,10,20,3.218,,
08/12/20,259,20,67,1.209,,
08/20/20,260,0,10,11.336,,
08/20/20,260,10,20,3.206,,
08/20/20,260,20,66,2.345,,
01/17/20,261,0,10,0.669,sppa,
01/17/20,261,0,10,0.311,mixed fine roots,
01/17/20,261,0,10,12.307,scam,
01/17/20,261,10,20,2.65,,
01/17/20,261,20,67,1.932,,
08/20/20,263,0,10,12.536,,
08/20/20,263,10,20,2.503,,
08/20/20,263,20,65,1.963,,
01/17/20,264,0,10,2.075,scam,
01/17/20,264,0,10,0.949,sppa,
01/17/20,264,10,20,0.457,,
01/17/20,264,20,end,0.318,,
08/17/20,265,0,10,6.146,scam,
08/17/20,265,0,10,0.196,sppa,rhizome
08/17/20,265,0,10,0.364,mixed fine roots,
08/17/20,265,10,20,1.091,mixed fine roots,
08/17/20,265,20,65,1.871,mixed fine roots,
01/21/20,268,0,10,0.162,mixed roots,
01/21/20,268,0,10,0.121,sppa,
01/21/20,268,0,10,4.755,scam,
01/21/20,268,10,20,0.727,,
01/21/20,268,20,66,0.566,,
08/19/20,269,0,10,4.721,,
08/19/20,269,10,20,0.631,,
08/19/20,269,20,64,0.657,,
01/15/20,270,0,10,0.12,mixed fine roots,
01/15/20,270,0,10,0.274,sppa,
01/15/20,270,0,10,5.12,scam,
01/15/20,270,10,20,1.769,,
01/15/20,270,20,65,0.628,,
08/14/20,272,0,10,9.13,,
08/14/20,272,10,20,1.956,,
08/14/20,272,20,67,1.244,,
01/22/20,289,0,10,3.278,,
01/22/20,289,10,20,1.845,,
01/22/20,289,20,65,2.147,,
01/17/20,290,0,10,4.796,scam,
01/17/20,290,0,10,0.034,sppa,
01/17/20,290,10,20,2.147,,
01/17/20,290,20,65,0.541,,
01/16/20,291,0,10,0.217,sppa,
01/16/20,291,0,10,4.491,scam,
01/16/20,291,10,20,2.032,,
01/16/20,291,20,64.5,1.689,,
02/03/20,292,0,10,1.795,sppa,
02/03/20,292,0,10,2.165,scam,
02/03/20,292,0,10,0.299,mixed roots,
02/04/20,292,10,20,1.885,,
02/03/20,292,20,64,1.543,,
02/03/20,293,0,10,5.734,,
02/03/20,293,10,20,1.891,,
02/03/20,293,20,65,1.589,,
01/15/20,294,0,10,3.122,,
01/15/20,294,10,20,1.9,,
01/15/20,294,20,64,1.45,,
01/10/20,295,0,10,3.086,,
01/10/20,295,10,20,1.491,,
01/10/20,295,20,64,2.08,,
02/05/20,296,0,10,3.663,,
02/05/20,296,10,20,1.585,,
02/05/20,296,20,62,2.55,,
01/16/20,297,0,10,0.908,sppa,
01/16/20,297,0,10,6.878,scam,
01/16/20,297,10,20,1.712,,
01/16/20,297,20,65.5,1.882,,
01/22/20,298,0,10,0.068,sppa,
01/22/20,298,0,10,0.202,mixed roots,
01/22/20,298,0,10,4.376,scam,
01/22/20,298,10,20,1.913,,
01/22/20,298,20,65,1.231,,
01/22/20,299,0,10,7.693,,
01/22/20,299,10,20,2.19,,
01/22/20,299,20,67,2.63,,
02/04/20,300,0,10,4.82,,
02/04/20,300,10,20,0.754,,
02/04/20,300,20,64,0.38,,
01/06/20,301,0,10,0.34,sppa,
01/06/20,301,0,10,0.334,mixed fine roots,
01/06/20,301,0,10,5.684,scam,
01/06/20,301,10,20,4.033,,
01/06/20,301,20,65.5,1.374,scam,rhizome
01/06/20,301,20,65.5,1.315,mixed fine roots,
01/14/20,302,0,10,7.972,,
01/14/20,302,10,20,1.295,,
01/14/20,302,20,65.5,1.183,,
02/05/20,303,0,10,5.23,,
02/05/20,303,10,20,2.462,,
02/04/20,303,20,65,1.244,,
02/05/20,304,0,10,9.71,,
02/05/20,304,10,20,1.871,,
11/25/19,304,20,end,2.092,,
02/05/20,304,20,67,1.863,,
01/17/20,305,0,10,8.124,,
01/17/20,305,10,20,1.733,,
01/17/20,305,20,68,1.341,,
12/19/19,306,0,10,11.601,,
12/19/19,306,10,20,2.269,,
12/19/19,306,20,67,0.852,,
12/09/19,307,0,10,1.293,,
12/09/19,307,10,20,0.179,,
12/09/19,307,20,end,0.14,,
02/06/20,308,0,10,7.147,,
02/06/20,308,10,20,0.801,,
02/06/20,308,20,63.5,0.886,,
01/23/20,309,0,10,0.126,mixed roots,
01/23/20,309,0,10,0.067,sppa,
01/23/20,309,0,10,7.603,scam,
01/23/20,309,10,20,0.86,,
01/23/20,309,20,67,1.002,,
12/23/19,310,0,10,11.498,,
12/23/19,310,10,20,3.239,,
12/23/19,310,20,65.5,0.738,,
01/14/20,311,0,10,7.898,,
01/14/20,311,20,end,0.791,,
01/06/20,312,0,10,0.099,sppa,
01/06/20,312,0,10,0.286,mixed fine roots,
01/06/20,312,0,10,8.683,scam,
01/06/20,312,10,20,1.605,,
01/06/20,312,20,67,1.099,,
12/27/19,313,0,10,7/457,,
12/27/19,313,10,20,0.762,,
12/27/19,313,20,66,0.359,,
11/05/19,314,0,10,0.084,,
01/14/20,316,0,10,1.475,,
01/14/20,316,10,20,0.052,,
01/14/20,316,20,end,0.065,,
12/11/19,317,0,10,0.054,mixed fine roots,
12/11/19,317,0,10,0.103,sppa,
12/11/19,317,0,10,4.745,scam,
12/11/19,317,10,20,0.223,,
12/11/19,317,20,61.5,0.138,,
01/14/20,318,0,10,0.198,sppa,
01/14/20,318,0,10,0.119,mixed fine roots,
01/14/20,318,10,20,0.127,,
01/14/20,318,20,61,0.323,,
01/28/20,319,0,10,5.128,,
01/28/20,319,10,20,0.264,,
01/28/20,319,20,end,0.2,,
12/19/19,320,0,10,0.828,,
12/19/19,320,10,20,0.029,,
12/19/19,320,20,68,0.149,,
01/13/20,325,0,10,0.164,scam,
01/13/20,325,0,10,0.06,sppa,
01/13/20,325,10,20,0.025,,
01/13/20,325,20,65,0.292,,
01/23/20,326,0,10,0.341,,
01/23/20,326,10,20,0.172,,
01/23/20,326,20,end,0.127,,
01/10/20,337,0,10,2/763,,
01/10/20,337,10,20,3.142,,
01/10/20,337,20,end,0.995,,
12/12/19,338,0,10,3.094,,
12/12/19,338,10,20,0.597,,
12/12/19,338,20,66,0.459,,
11/15/19,339,0,10,5.426,,
11/15/19,339,10,20,3.764,,
11/15/19,339,20,66,3.764,,
12/04/19,340,0,10,2.162,,
12/04/19,340,20,64,1.33,,
11/14/19,341,0,10,1.265,scam,
11/14/19,341,0,10,1.934,sppa,
11/14/19,341,10,20,1.227,,
11/14/19,341,20,66.5,0.81,,
11/18/19,342,0,10,4.169,,
11/18/19,342,10,20,0.863,,
11/18/19,342,20,66.5,0.995,,
12/31/19,343,0,10,4.66,sppa,
12/31/19,343,0,10,0.926,scam,
01/08/20,343,0,10,0.146,mixed fine roots,
12/31/19,343,10,20,0.053,mixed fine roots,
12/31/19,343,10,20,0.226,scam,
12/31/19,343,10,20,1.002,sppa,
12/31/19,343,20,64,0.346,scam,
12/31/19,343,20,64,0.182,mixed fine roots,
12/31/19,343,20,64,1.447,sppa,
12/02/19,344,0,10,4.523,sppa,
12/02/19,344,10,20,0.969,sppa,
12/02/19,344,20,64.5,0.666,sppa,2/2 roots
12/02/19,344,20,64.5,0.578,sppa,1/.2 (stems)
01/08/20,345,0,10,1.453,sppa,
01/08/20,345,0,10,2.632,,
01/08/20,345,10,20,2.633,,
01/08/20,345,20,end,1.855,,
11/07/19,346,0,10,2.688,sppa,
11/07/19,346,0,10,1.135,scam,
11/07/19,346,0,10,1.135,mixed fine root,
11/07/19,346,10,20,1.068,,
11/07/19,346,20,66,0.512,,
01/09/20,347,0,10,4.507,,
01/08/20,347,10,20,1.861,,
01/08/20,347,20,65.5,0.65,,
12/16/19,348,0,10,0.114,mixed roots,
12/16/19,348,0,10,0.523,sppa,
12/16/19,348,0,10,5.292,scam,
12/17/19,348,10,20,1.916,,
12/16/19,348,10,20,2.008,,
12/16/19,348,20,67.5,1.682,,
12/12/19,349,0,10,11.21,,
12/12/19,349,10,20,1.489,,
12/12/19,349,20,65.5,0.64,,
11/18/20,350,0,10,5.815,,
11/18/19,350,10,20,1.758,,
11/18/19,350,20,65,1.795,,
11/15/19,351,0,10,0.713,,
11/15/19,351,10,20,0.618,,
11/15/19,351,20,67,0.036,,
11/18/19,352,0,10,0.945,,
11/18/20,352,10,20,1.069,,
11/18/19,352,20,62,0.185,,
11/19/19,353,0,10,0.106,mixed fine roots,
11/19/19,353,0,10,5.777,,
11/19/19,353,0,10,0.642,sppa,
11/19/19,353,10,20,1.784,,
11/19/19,353,20,65.5,0.356,scam,rhizome
11/19/19,353,20,65.5,0.042,,
12/16/19,354,0,10,5.332,,
12/16/19,354,*,*,0.37,,*no segment noted on bag
12/03/19,355,0,10,7.563,,
12/03/19,355,10,20,0.488,mixed fine roots,
12/03/19,355,10,20,1.191,,rhizome
12/03/19,355,20,67,0.619,mixed fine roots,
11/07/19,356,0,10,6.367,,
11/07/19,356,10,23,0.717,,
11/07/19,356,23,end,0.248,,
11/29/19,357,0,10,7.612,,
11/29/19,357,10,20,1.958,,
11/29/19,357,20,62.5,0.631,,
12/17/19,358,0,10,8.232,,
12/17/19,358,20,end,0.453,,
11/18/19,359,0,10,6.866,scam,
11/18/19,359,0,10,0.213,sppa,"most sppa fine roots, too mixed with scam to get"
11/18/19,359,10,20,1.598,,
11/18/19,359,20,65.5,0.718,,
12/06/19,360,0,10,0.147,sppa,
12/06/19,360,0,10,0.14,mixed roots,
12/06/19,360,0,10,5.808,scam,
12/06/19,360,10,20,2.051,,
12/06/19,360,20,65,0.809,,
12/02/19,362,0,10,0.157,sppa,
12/02/19,362,0,10,0.057,mixed roots,
12/02/19,362,0,10,1.619,scam,
12/02/19,362,10,end,0.077,,
11/22/19,363,0,10,0.063,sppa,
11/21/19,363,0,10,1.216,scam,
11/22/19,363,10,20,0.074,,
11/22/19,363,20,69,0.088,,
11/26/19,364,0,10,5.134,,
11/26/19,364,10,20,0.714,,
11/26/19,364,20,end,0.296,,
11/27/19,365,0,end,0.582,,
11/21/19,366,0,10,3.39,,
11/21/19,366,10,20,0.033,,
11/21/19,366,20,end,0.067,,
12/05/19,367,0,end,4.51,,
11/29/20,368,0,10,4.27,,
11/29/19,368,10,20,1.535,,
11/29/19,368,20,66,0.603,,
11/27/19,370,0,10,0.654,,
11/27/19,370,10,20,0.023,,
11/27/19,370,20,63,0.072,,
11/29/19,375,0,10,2.591,,
12/29/19,375,10,20,0.532,,
11/29/19,375,20,65.5,0.189,,
12/03/19,385,0,10,1.212,,
12/03/19,385,10,20,0.385,,
12/03/19,385,20,66.5,0.483,,
12/03/19,386,0,10,1.173,,
12/03/19,386,10,20,0.267,,
12/03/19,386,20,end,0.192,,
11/22/19,387,0,10,0.078,mixed roots,
11/22/19,387,0,10,1.402,scam,
11/22/19,387,0,10,2.117,sppa,
11/22/19,387,10,20,0.812,,
11/22/19,387,20,66.5,1.021,,
11/25/19,388,0,10,6.152,,
11/25/19,388,10,20,1.355,,
11/25/19,388,20,68.5,2.363,,
11/21/19,389,0,10,3.384,scam,
11/21/19,389,0,10,4.319,sppa,
11/21/19,389,10,20,1.995,,
11/21/19,389,20,65.5,1.924,,
11/21/19,390,0,10,2.788,,
11/21/19,390,10,20,3.203,,
11/21/19,390,20,64.5,0.986,,
11/26/19,391,0,10,0.04,mixed fine roots,
11/26/19,391,0,10,1.386,sppa,
11/26/19,391,0,10,0.882,scam,
11/26/19,391,10,20,0.341,sppa,
11/26/19,391,10,20,0.308,scam,
11/26/19,391,10,20,0.069,mixed fine roots,
11/26/19,391,20,65,0.278,sppa,
11/26/19,391,20,65,0.963,,"mixed material and debris found in sediment. many roots, but not sure if from plants in pot"
11/21/19,392,0,10,3.664,,
11/21/19,392,10,20,1.816,,
11/21/19,392,20,67.5,3.495,,big rip in bag
11/25/19,394,0,10,1.281,sppa,
11/25/19,394,0,10,0.111,mixed roots,
11/25/19,394,0,10,5.591,scam,
11/25/19,394,10,20,3.333,,
11/27/19,395,0,10,5.03,,
11/27/19,395,10,20,0.9,,
11/27/19,395,20,62,0.571,,
11/22/19,396,0,10,4.338,,
11/22/19,396,10,20,2.605,,
11/22/19,396,20,65.5,3.502,,
11/21/19,397,0,10,6.42,scam,
11/21/19,397,0,10,0.267,sppa,
11/21/19,397,10,20,3.129,,
11/21/19,397,20,66,2.245,,
11/22/19,398,0,10,3.668,,
11/22/19,398,10,20,0.898,,
11/22/19,398,20,65,0.275,,
11/22/19,399,0,10,0.074,mixed fine roots,
11/22/19,399,0,10,0.839,scam,
11/22/19,399,10,20,3.292,sppa,
11/22/19,399,10,20,0.961,,
11/22/19,399,20,end,0.207,,
11/26/19,400,0,10,4.338,,
11/26/19,400,10,20,1.189,,
11/26/19,400,20,67,0.95,,
12/03/19,401,0,10,8.084,,
12/03/19,401,10,20,1.756,,
12/02/19,401,20,66,0.245,,rhizomes
12/03/19,401,20,66,1.212,mixed fine roots,
11/20/19,402,0,10,10.301,,
11/20/19,402,10,20,0.76,,
11/20/19,402,20,66,0.586,,
11/26/19,403,0,10,0.123,mixed roots,
11/26/19,403,0,10,0.416,sppa,
11/26/19,403,0,10,3.828,scam,
11/26/19,403,10,20,0.726,,
11/26/19,403,20,end,0.372,,
11/20/19,404,0,10,0.075,sppa,
11/20/19,404,0,10,3.103,scam,
11/20/19,404,10,20,1.714,,
11/20/19,404,20,67,0.311,,
11/26/19,405,0,10,0.197,sppa,
11/26/19,405,0,10,0.158,mixed roots,
11/26/19,405,0,10,7.583,scam,
11/25/19,405,10,20,1.848,,
11/25/19,405,20,66,0.84,,
11/20/19,406,0,10,8.831,,
11/20/19,406,10,20,0.825,mixed fine roots,
11/20/19,406,10,20,0.03,,rhizome
11/20/19,406,20,64.5,0.022,,rhizome
11/20/19,406,20,64.5,0.854,mixed fine roots,
12/04/19,407,0,10,8.593,,
12/04/19,407,10,20,1.229,,
12/04/19,407,20,66.5,1.135,,
12/03/19,408,0,10,7.051,,
12/03/19,408,10,20,2.379,,
12/03/19,408,20,65,0.623,,
12/05/19,410,0,10,5.067,,
12/05/19,410,10,20,0.55,,
12/05/19,410,20,65,0.558,mixed fine roots,
12/02/19,412,0,10,2.52,,
12/02/19,412,10,20,0.157,mixed fine roots,
12/02/19,412,20,62.5,0.251,mixed fine roots,
11/26/19,413,0,10,0.185,sppa,
11/26/19,413,0,10,0.155,mixed fine roots,
11/26/19,413,0,10,5.722,scam,
11/26/19,413,10,20,1.097,,
11/26/19,413,20,66.5,0.03,scam,rhizome
11/26/19,413,20,66.5,0.218,mixed fine roots,
11/29/19,414,0,10,11.064,,
11/29/19,414,10,20,0.797,,
11/29/19,414,20,63.5,0.91,,
12/05/19,415,0,10,6.335,,
12/05/19,415,10,20,1.908,,
12/05/19,415,20,67.5,0.568,,
11/27/19,416,0,10,0.322,mixed roots,
11/27/19,416,0,10,0.468,sppa,
11/27/19,416,0,10,11.596,scam,
11/27/19,416,10,20,0.874,,
11/27/19,416,20,67.5,0.662,,
02/06/20,810,10,20,0.576,,
11/26/19,1617,0,10,2.927,,
11/26/19,1617,10,end,0.125,,
12/03/19,1621,0,5,2.227,,
12/03/19,1621,5,end,0.284,,
01/14/20,1622,0,10,0.423,scam,
01/14/20,1622,0,10,0.004,sppa,
01/14/20,1622,10,20,0.009,,
01/14/20,1622,20,66,0.071,,
02/18/20,1624,0,10,7.737,,
02/18/20,1624,10,20,0.8,,
02/18/20,1624,20,63.5,0.267,,
01/13/20,1633,0,10,0.02,scam,scam?
01/13/20,1633,0,10,1.749,sppa,
01/13/20,1633,10,20,0.582,sppa,maybe dead scam?
01/13/20,1633,20,65,0.808,,
01/14/20,1634,0,10,0.156,mixed fine roots,
01/14/20,1634,0,10,3.323,sppa,
01/14/20,1634,0,10,1.28,scam,
01/15/20,1634,10,20,2.281,,
01/14/20,1634,20,65,2.759,,
01/10/20,1635,0,10,3.633,,
01/10/20,1635,10,20,1.398,,
01/10/20,1635,20,67,0.766,,
11/18/19,1636,0,10,2.162,sppa,
11/18/20,1636,10,20,0.232,sppa,
11/18/19,1636,20,65.5,0.309,sppa,
01/09/20,1637,0,10,1.436,,
01/09/20,1637,10,20,0.567,,
01/09/20,1637,20,64.5,1.255,,
01/15/20,1638,0,10,0.978,,
01/15/20,1638,10,20,0.956,,
01/15/20,1638,20,65,0.691,,
12/27/19,1639,0,10,1.339,,
12/27/19,1639,10,20,0.67,,
12/27/19,1639,20,65,0.497,,
01/10/20,1640,0,10,1.551,,
01/10/20,1640,10,20,1.478,,
01/10/20,1640,20,64,3.519,,
11/18/19,1641,0,10,8.462,scam,
11/18/19,1641,0,10,0.529,sppa,
11/18/19,1641,0,10,0.079,mixed fine roots,
11/18/19,1641,10,20,2.217,,
11/18/19,1641,20,66,1.04,,
02/14/20,1642,0,10,4.374,,
02/14/20,1642,10,20,1.687,,
02/14/20,1642,20,66,1.219,,
01/08/20,1643,0,10,4.705,,
01/08/20,1643,10,20,2.107,,
01/08/20,1643,20,64,1.057,,
01/08/20,1644,0,10,0.822,sppa,
01/08/20,1644,0,10,0.482,mixed fine roots,
01/08/20,1644,0,10,3.595,scam,
01/08/20,1644,10,20,0.159,scam,fine roots
01/08/20,1644,10,20,0.612,scam,rhizoome
01/08/20,1644,10,20,0.479,mixed fine roots,
01/08/20,1644,20,66,0.749,mixed fine roots,
01/13/20,1645,0,10,0.385,sppa,
01/13/20,1645,0,10,0.17,mixed fine roots,
01/13/20,1645,0,10,4.243,scam,
01/13/20,1645,10,20,1.36,,
01/13/20,1645,20,65,0.811,,
12/12/19,1646,0,10,3.177,,
12/12/19,1646,10,20,0.907,,
12/12/19,1646,20,64,0.444,,
11/15/19,1647,0,10,4.383,,
11/15/19,1647,10,20,0.747,,
11/15/19,1647,20,65.5,0.846,,
01/09/20,1648,0,10,1.964,,
01/09/20,1648,10,20,4.502,,
01/09/20,1648,20,64.5,1.009,,
01/13/20,1649,0,10,0.105,sppa,
01/13/20,1649,0,10,0.195,mixed fine roots,
01/13/20,1649,0,10,3.531,scam,
01/13/20,1649,10,20,1.204,,
01/13/20,1649,20,65,0.631,mixed fine roots,
12/05/19,1650,0,10,10.469,,
12/05/19,1650,10,20,1.285,,
12/05/19,1650,20,66.5,0.686,,
07/17/20,1651,0,10,1.585,sppa,
07/17/20,1651,0,10,0.015,scam,rhizome
07/17/20,1651,0,10,0.254,mixed fine roots,
07/17/20,1651,10,20,0.175,mixed fine roots,
07/17/20,1651,20,end,0.151,mixed fine roots,
02/20/20,1652,0,10,5.923,,
02/20/20,1652,10,20,2.833,,
02/20/20,1652,20,62.5,0.686,,
11/27/19,1653,0,10,6.558,,
11/27/19,1653,10,20,3.979,,
11/27/19,1653,20,67.5,0.542,,
12/02/19,1654,0,10,3.929,,
12/02/19,1654,10,20,4.307,,
12/02/19,1654,20,end,1.121,,
01/06/20,1655,0,10,0.31,sppa,
01/06/20,1655,0,10,0.184,mixed fine roots,
01/06/20,1655,0,10,6.687,scam,
01/06/20,1655,10,20,2.457,,
01/06/19,1655,20,65,0.728,mixed fine roots,
01/06/20,1655,20,65,0.462,scam,rhizome
07/15/20,1656,0,10,3.635,,
07/15/20,1656,10,20,0.938,,
07/15/20,1656,20,64,0.699,,
03/10/20,1657,0,10,0.023,sppa,
03/10/20,1657,0,10,0.138,mixed fine roots,
03/10/20,1657,0,10,3.461,scam,
03/10/20,1657,10,20,1.155,mixed fine roots,
03/10/20,1657,20,end,0.44,mixed fine roots,
03/10/20,1657,20,end,0.279,,stringy material - NOT ROOTS
12/13/19,1658,0,10,0.55,scam,
12/13/19,1658,0,10,0.172,sppa,
12/13/19,1658,0,10,0.05,mixed fine roots,
12/13/19,1658,10,20,0.052,,
12/13/19,1658,20,end,0.163,,
12/03/19,1659,10,20,0.163,scam,fine roots
12/03/19,1659,10,20,0.211,,rhizome
12/03/19,1659,20,end,0.068,mixed fine roots,
01/14/20,1660,0,10,2.064,,
01/14/20,1660,10,20,0.152,,
01/14/20,1660,20,end,0.258,,
12/16/19,1661,0,10,5.8,,
12/16/19,1661,10,20,0.791,,
12/16/19,1661,20,65.5,0.176,,
01/07/20,1662,0,10,3.031,,
01/07/20,1662,10,20,0.124,,
01/07/20,1662,20,66,0.147,,
01/10/20,1663,0,10,0.304,sppa,
01/10/20,1663,0,10,3.389,scam,
01/10/20,1663,10,20,0.945,,
01/10/20,1663,20,end,0.388,,
12/02/19,1664,0,10,0.033,sppa,
12/02/19,1664,0,10,6.81,scam,
12/02/09,1664,10,20,0.566,,
12/02/19,1664,20,60.5,0.359,,
01/10/20,1665,0,10,0.124,sppa,
01/10/20,1665,0,10,3.372,scam,
01/10/20,1665,10,20,1.62,,
01/10/20,1665,20,63,0.349,,
12/04/19,1679,0,10,5.804,,
12/04/19,1679,10,20,0.853,,
01/27/20,1681,0,10,0.152,mixed fine roots,
01/27/20,1681,0,10,0.963,sppa,
01/27/20,1681,0,10,2.991,scam,
01/27/20,1681,10,20,1.789,,
01/27/20,1681,20,64.5,1.951,,
01/15/20,1682,0,10,1.665,sppa,
01/15/20,1682,0,10,2.708,scam,
01/14/20,1682,10,20,1.525,,
01/15/20,1682,20,64.5,2.5,,
02/07/20,1683,0,10,0.372,mixed roots,
02/07/20,1683,0,10,7.198,scam,
02/07/20,1683,1,10,1.253,sppa,
02/07/20,1683,10,20,2.313,,
02/07/20,1683,20,65,2.315,,
01/23/20,1684,0,10,3.451,,
01/23/20,1684,10,20,0.924,,
01/23/20,1684,20,64,2.017,,
02/11/20,1685,0,10,1.389,,
02/11/20,1685,10,20,0.77,,
02/10/20,1685,20,end,0.204,,
02/06/20,1686,0,10,7.559,,
02/06/20,1686,10,20,0.792,,
02/06/20,1686,20,65,0.748,,
02/14/20,1687,0,10,5.509,,HSK
02/14/20,1687,10,20,0.337,,rhizome/stem (HSK)
02/14/20,1687,10,20,0.339,mixed fine roots,HSK
02/13/20,1687,20,65,0.806,,
01/28/20,1688,0,10,6.801,,
01/28/20,1688,10,20,2.957,,
01/27/20,1688,20,66.5,4.851,,
02/06/20,1689,0,10,9.003,,
02/06/20,1689,10,20,1.476,,
02/06/20,1689,20,65,1.915,,
01/22/20,1690,0,10,2.281,,
01/22/20,1690,10,20,0.475,,
01/22/20,1690,20,end,0,,
02/04/20,1691,0,10,5.084,,
02/04/20,1691,10,20,2.4,,
02/04/20,1691,20,64.5,2.402,,
01/28/20,1692,0,10,0.421,mixed roots,
01/28/20,1692,0,10,2.204,sppa,
01/28/20,1692,0,10,2.483,scam,
01/28/20,1692,10,20,1.472,,
01/27/20,1692,20,65,1.407,,
02/04/20,1693,0,10,2.365,,
02/04/20,1693,10,20,0.273,,
02/04/20,1693,20,end,0.325,,
02/05/20,1694,0,10,0.075,mixed fine roots,
02/05/20,1694,0,10,1.979,sppa,
02/05/20,1694,0,10,1.887,scam,
02/05/20,1694,10,20,1.647,,
02/05/20,1694,20,68,0.832,,
01/22/20,1695,0,10,9.958,,
01/22/20,1695,10,20,1.346,,
01/22/20,1695,20,63.5,1.318,mixed fine roots,
02/14/20,1697,0,10,0.067,mixed fine roots,
02/14/20,1697,0,10,0.624,scam,
02/14/20,1697,0,10,1.257,sppa,
02/14/20,1697,10,20,0.422,,
02/14/20,1697,20,64.5,0.235,,
02/19/20,1698,0,10,9.225,,
02/19/20,1698,10,20,3.569,,
02/19/20,1698,20,end,0.615,,
01/22/20,1699,0,10,8.053,,
01/22/20,1699,10,20,1.717,,
01/22/20,1699,20,65,1.035,,
11/07/19,1700,20,67,1.099,,
02/04/20,1801,0,10,2.37,,
02/04/20,1801,10,20,0.162,,
02/04/20,1801,20,end,0.057,,
01/21/20,1802,0,10,10.372,,
01/21/20,1802,10,20,1.361,,
01/21/20,1802,20,65,0.652,,
02/12/20,1803,0,10,2.664,sppa,
02/12/20,1803,10,20,0.625,sppa,
02/12/20,1803,20,63,0.14,sppa,
02/04/20,1804,0,10,0.851,mixed roots,
02/04/20,1804,0,10,0.373,sppa,
02/04/20,1804,0,10,8.066,scam,
02/04/20,1804,10,20,1.536,,
02/04/20,1804,20,67,1.069,,
01/24/20,1805,0,10,2.324,,
01/24/20,1805,10,20,0.18,mixed fine roots,hose
01/24/20,1805,20,end,0.539,fine roots,hose
01/17/20,1806,0,10,5.239,,
01/17/20,1806,10,20,2.832,,
01/17/20,1806,20,65.5,0.609,,
01/27/20,1807,0,10,0.3,sppa,
01/27/20,1807,0,10,0.109,mixed roots,
01/27/20,1807,0,10,4.815,scam,
01/27/20,1807,10,20,1.193,,
01/27/20,1807,20,63,0.618,,
01/22/20,1808,0,10,7.781,,
01/22/20,1808,10,20,0.955,,
01/22/20,1808,20,64,0.554,,
02/06/20,1810,0,10,0.22,mixed roots,
02/06/20,1810,0,10,0.119,sppa,
02/06/20,1810,0,10,6.888,scam,
02/06/20,1810,20,64.5,0.414,,
01/24/20,1811,0,10,7.053,,
01/24/20,1811,10,20,1.88,,
01/24/20,1811,20,67,1.229,,hose
02/10/20,1812,0,10,0.028,mixed roots,
02/10/20,1812,0,10,0.186,sppa,
02/10/20,1812,0,10,1.921,scam,
02/10/20,1812,10,20,0.169,,
02/10/20,1812,20,end,0.073,,
02/19/20,1813,0,10,4.241,,
02/19/20,1813,10,20,0.328,,
02/19/20,1813,20,end,0.124,,
01/28/20,1815,0,10,0.099,sppa,
01/23/20,1815,0,10,0.06,mixed fine roots,
01/23/20,1815,0,10,1.995,scam,
01/23/20,1815,10,20,0.136,mixed fine roots,hose
01/23/20,1815,20,66,0.336,mixed fine roots,hose
02/12/20,1816,0,10,2.39,,
02/12/20,1816,10,20,0.16,,rhizome/stem
02/12/20,1816,10,20,0.168,mixed fine roots,
02/12/20,1816,20,65,0.281,,
01/27/20,1818,0,10,4.757,scam,
01/27/20,1818,10,20,0.805,,
01/27/20,1818,20,67,0.307,,
08/13/20,1830,0,10,0.637,,
08/13/20,1830,10,20,0.259,,
08/13/20,1830,20,end,0.343,,
08/17/20,1832,0,10,8.182,,
08/17/20,1832,10,20,0.847,,
08/17/20,1832,20,end,0.664,,
02/06/20,1833,0,10,0.174,mixed roots,
02/06/20,1833,0,10,0.467,scam,
02/06/20,1833,0,10,3.399,sppa,
02/06/20,1833,10,20,1.275,,
02/06/20,1833,20,65,1.972,,
01/27/20,1834,0,10,0.052,mixed roots,
01/27/20,1834,0,10,1.071,scam,
01/27/20,1834,0,10,1.522,sppa,
01/27/20,1834,10,20,1.65,,
01/27/20,1834,20,64,1.718,,
07/22/20,1835,0,10,3.582,,
07/22/20,1835,10,20,5.15,,
07/22/20,1835,20,64,4.758,,
01/27/20,1836,0,10,0.906,scam,
01/27/20,1836,0,10,3.057,sppa,
01/27/20,1836,10,20,0.802,,
01/27/20,1836,20,66,1.602,,
08/11/20,1837,0,10,5.279,,
08/11/20,1837,10,20,2.949,,
08/11/20,1837,20,67,1.478,,
08/17/20,1838,0,10,2.927,,
08/17/20,1838,10,20,1.477,,
08/17/20,1838,20,65,1.871,,
07/23/20,1839,0,10,3.125,,
07/23/20,1839,10,20,1.494,,
07/23/20,1839,20,64,1.025,,
08/12/20,1840,0,10,6.051,,
08/12/20,1840,10,20,3.998,,
08/12/20,1840,20,65,2.859,,
01/22/20,1841,0,10,0.056,mixed fine roots,
01/22/20,1841,0,10,1.18,sppa,
01/22/20,1841,0,10,2.55,scam,
01/22/20,1841,10,20,0.808,,
01/22/20,1841,20,65.5,0.94,,fine roots only
07/23/20,1842,0,10,6.236,,
07/23/20,1842,10,20,1.295,,
07/23/20,1842,20,64,2.122,,
02/11/20,1843,0,10,0.97,sppa,
02/11/20,1843,0,10,0.06,mixed fine roots,
02/11/20,1843,0,10,3.594,scam,
02/11/20,1843,10,20,1.477,,
02/11/20,1843,20,63.5,1.49,,
01/27/20,1844,0,10,0.094,mixed fine roots,
01/27/20,1844,0,10,1.756,sppa,
01/27/20,1844,0,10,2.771,scam,
01/27/20,1844,10,20,1.78,,
01/27/20,1844,20,65,1.953,,
08/13/20,1845,0,10,8.243,,
08/13/20,1845,10,20,1.061,,
08/13/20,1845,20,end,1.367,,
07/23/20,1846,0,10,7.014,,
07/23/20,1846,10,20,0.772,,
07/23/20,1846,20,65,0.918,,
02/05/20,1847,0,10,0.262,mixed fine roots,
02/05/20,1847,0,10,0.115,sppa,
02/05/20,1847,10,20,4.759,,
02/05/20,1847,20,65.5,2.747,,
08/17/20,1848,0,10,5.937,,
08/17/20,1848,10,20,0.946,,
08/17/20,1848,20,66,1.215,,
08/19/20,1849,0,10,6.661,,
02/05/20,1849,0,10,5.781,scam,
08/19/20,1849,10,20,3.296,,
08/19/20,1849,20,end,0.702,,
01/27/20,1850,0,10,0.591,scam,
01/29/20,1850,0,10,0.031,mixed fine roots,
01/27/20,1850,0,10,3.216,sppa,
01/27/20,1850,10,20,0.664,sppa,hose
01/27/20,1850,20,end,0.225,sppa,hose
08/20/20,1851,0,10,10.441,,
08/20/20,1851,10,20,2.289,,
08/20/20,1851,20,67,1.773,,
01/28/20,1852,0,10,0.356,mixed roots,
01/28/20,1852,0,10,0.462,sppa,
01/28/20,1852,0,10,14.114,scam,
01/28/20,1852,10,20,4.37,,
01/28/20,1852,20,67,1.588,,
08/20/20,1853,0,10,2.272,,
08/20/20,1853,10,20,1.523,,
08/20/20,1853,20,end,0.427,,
07/23/20,1856,0,10,5.017,,
07/23/20,1856,10,20,0.39,,
07/23/20,1856,20,end,0.591,,
08/20/20,1860,0,10,7.833,,
08/20/20,1860,10,20,1.93,,
08/20/20,1860,20,65,1.201,,
01/15/20,1863,0,10,0.014,,
01/15/20,1863,10,20,0.013,,
01/15/20,1863,20,end,0.042,,
01/21/20,1866,0,10,0.137,sppa?,
01/21/20,1866,0,10,0.062,,"material and debris found in sediment, many roots, but not sure if from plants in pot"
02/07/20,1875,0,end,0.865,,
02/07/20,1875,0,end,0.18,,fiberous material--roots?
02/07/20,1877,0,10,5.844,,
02/07/20,1877,10,20,0.64,,
02/07/20,1877,20,66.5,0.676,,
01/21/20,1879,0,10,0.181,mixed roots,
01/21/20,1879,0,10,1.539,scam,
01/21/20,1879,0,10,0.887,sppa,
01/21/20,1879,10,20,0.913,,
01/21/20,1879,20,64.5,2.112,,
02/13/20,1880,0,10,3.588,,
02/12/20,1880,0,10,4.63,,
02/13/20,1880,10,20,0.19,,
02/12/20,1880,10,20,2.743,,
02/13/20,1880,20,65,0.172,,
02/12/20,1880,20,67,2.361,,
01/22/20,1881,0,10,0.12,mixed roots,
01/23/20,1881,0,10,0.664,scam,
01/23/20,1881,0,10,4.132,sppa,
01/23/20,1881,10,20,1.89,,
01/23/20,1881,20,67,1.266,,
02/18/20,1882,0,10,0.13,mixed fine roots,
02/18/20,1882,0,10,0.339,scam,
02/18/20,1882,0,10,2.634,sppa,
02/19/20,1882,10,20,0.184,scam,
02/19/20,1882,10,20,0.162,mixed fine roots,
02/19/20,1882,10,20,0.762,sppa,
02/18/20,1882,20,65,1.425,,
02/20/20,1884,0,10,1.844,,
02/20/20,1884,10,20,1.077,,
02/20/20,1884,20,65,1.941,,
02/18/20,1885,0,10,0.124,mixed,
02/18/20,1885,0,10,2.003,scam,
02/18/20,1885,0,10,0.386,sppa,
02/18/20,1885,10,20,1.153,mixed scam/sppa,
02/18/20,1886,0,10,3.493,,
02/18/20,1886,10,20,1.922,,
02/18/20,1886,20,63.5,1.205,,
02/06/20,1887,0,10,5.995,,
02/06/20,1887,10,20,1.875,,
02/06/20,1887,20,67,1.763,,
01/29/20,1889,0,10,5.359,,
01/29/20,1889,10,20,2.068,,
01/29/20,1889,20,65,2.745,,
02/18/20,1890,0,10,0.058,sppa,
02/18/20,1890,0,10,0.092,mixed,
02/18/20,1890,0,10,1.459,scam,
02/18/20,1890,10,20,0.631,scam,
02/18/20,1890,20,64.5,0.168,scam,
02/18/20,1890,20,64.5,0.337,mixed fine roots,
01/22/20,1891,0,10,2.041,,
01/22/20,1891,10,20,1.667,,
01/22/20,1891,20,64.5,2.099,,
06/02/20,1892,0,10,1.846,scam,
06/02/20,1892,0,10,1.808,sppa,
06/02/20,1892,0,10,0.1,mixed fine roots,
06/02/20,1892,10,20,1.378,mixed roots,
02/04/20,1892,10,20,1.055,,
06/02/20,1892,20,66.5,0.762,mixed fine roots,
06/02/20,1892,20,66.5,0.215,scam,rhizome
02/04/20,1894,0,10,2.17,,
02/04/20,1894,20,end,0.408,mixed fine roots,
02/04/20,1894,20,end,0.122,,rhizome
11/05/19,1895,0,10,4.109,scam,
11/05/19,1895,0,10,0.507,sppa,
11/05/19,1895,10,20,0.493,fine roots,
11/05/19,1895,10,20,1.466,,rhizome
11/05/19,1895,10,20,0.044,,stems?
11/05/19,1895,20,67,0.434,,
02/10/20,1896,0,10,0.549,mixed roots,
02/10/20,1896,0,10,1.588,sppa,
02/10/20,1896,0,10,4.545,scam,
02/10/20,1896,10,20,1.407,,
02/10/20,1896,20,65,1.116,,
01/29/20,1897,0,10,0.974,scam,
01/29/20,1897,0,10,0.087,mixed roots,
01/29/20,1897,0,10,2.083,sppa,
01/29/20,1897,10,20,0.68,,
01/29/20,1897,20,end,0.104,,
01/17/20,1898,0,10,3.959,,
01/17/20,1898,10,20,2.541,,
01/17/20,1898,20,end,0.767,,
01/16/20,1899,0,10,5.838,,
01/15/20,1899,10,20,2.092,,
01/15/20,1899,20,64.5,1560,,
02/20/20,1930,0,10,11.932,,
02/20/20,1930,10,20,1.698,,
02/20/20,1930,20,64,1.21,,
01/29/20,1931,0,10,0.177,sppa,
01/29/20,1931,0,10,0.35,scam,
01/29/20,1931,10,20,0.017,,
01/29/20,1931,20,end,0.018,,
11/14/19,1932,0,10,3.134,,
11/14/19,1932,10,20,0.583,,
11/14/19,1932,20,end,0.063,,
01/29/20,1933,0,10,0.165,sppa,
01/29/20,1933,0,10,0.235,mixed roots,
01/29/20,1933,0,10,4.201,scam,
01/29/20,1933,10,20,0.971,,
01/29/20,1933,20,65,0.386,,
05/28/20,1934,0,10,0.603,,
05/26/20,1934,10,20,0.142,,
05/28/20,1934,20,65.5,0.722,,
01/22/20,1935,0,10,0.277,mixed fine roots,
01/22/20,1935,0,10,0.061,sppa,
01/22/20,1935,0,10,6.588,scam,
01/22/20,1935,10,20,1.952,,
01/22/20,1935,20,67.5,0.7,mixed fine roots,
11/19/19,1936,0,10,0.151,,
11/19/19,1936,10,20,0.036,,
11/19/20,1936,20,64.5,0.184,,dead roots?
02/07/20,1937,0,10,7.296,,
02/07/20,1937,10,20,0.714,,
02/07/20,1937,20,64.5,1.001,,
12/02/19,1938,0,10,3.779,,
12/02/19,1938,10,20,0.853,,
12/02/19,1938,20,65,0.307,,
12/02/19,1939,0,10,0.096,,
12/02/19,1939,10,20,0.006,,
12/02/19,1939,20,end,0.053,,
05/28/20,1944,0,10,0.675,scam,
05/28/20,1944,0,10,0.167,mixed fine roots,
05/28/20,1944,0,10,0.248,sppa,
05/28/20,1944,10,20,0.084,,
05/28/20,1944,20,65,0.691,,
01/10/20,1953,0,10,5.464,,
01/10/20,1953,10,20,2.248,,
01/10/20,1953,20,65,4.969,,
01/08/20,1954,0,10,0.122,mixed fine roots,
01/08/20,1954,0,10,1.293,sppa,
01/08/20,1954,0,10,1.16,,
01/08/20,1954,10,20,1.019,,
01/08/20,1954,20,63,1.322,,
12/18/19,1955,0,10,0.419,,
12/18/19,1955,10,20,0.623,,
12/18/19,1955,20,end,0.212,,
01/07/20,1956,0,10,5.915,,
01/07/20,1956,10,20,2.45,,
01/10/20,1957,0,10,0.094,mixed fine roots,
01/10/20,1957,0,10,0.908,sppa,
01/10/20,1957,0,10,2.889,scam,
01/10/20,1957,10,20,2.147,,
01/10/20,1957,20,64.5,2.196,,
02/03/20,1959,0,10,0.955,,
02/03/20,1959,10,20,0.64,,
02/03/20,1959,20,61,0.363,mixed fine roots,
12/18/19,1960,0,10,6.433,,
12/18/19,1960,10,20,2.094,,
12/18/19,1960,20,65,1.359,,
01/08/20,1961,0,10,4.333,,
01/08/20,1961,10,20,2.48,,
01/08/20,1961,20,65,1.511,,
01/14/20,1962,0,10,8.046,,
01/14/20,1962,10,20,1.659,,
01/14/20,1962,20,66,1.953,,
12/23/19,1963,0,10,4.25,,
12/23/19,1963,10,20,2.434,,
12/23/19,1963,20,65,2.167,,
12/10/19,1964,0,10,1.057,,
12/10/19,1964,0,10,3.91,,
12/10/19,1964,10,20,1.745,,
12/27/19,1965,0,10,1.147,sppa,
12/27/19,1965,0,10,3.239,scam,
12/27/19,1965,0,10,0.136,mixed roots,
12/27/19,1965,10,20,1.507,,
12/27/19,1965,20,66,1.272,,
01/07/20,1965,20,64,1.688,,
01/07/20,1966,0,10,5.163,,
01/07/20,1966,10,20,0.565,mixed fine roots,
01/07/20,1966,10,20,0.472,,rhizome
01/07/20,1966,20,65.5,0.731,mixed fine roots,
12/19/19,1967,0,10,0.097,mixed roots,
12/19/19,1967,0,10,0,scam,empty
12/19/19,1967,0,10,1.57,sppa,
12/19/19,1967,10,20,0.234,,
12/19/19,1967,20,66,0.207,,
12/11/19,1968,0,10,0.179,mixed roots,
12/11/19,1968,0,10,1.768,sppa,
12/11/19,1968,0,10,1.573,scam,
12/11/19,1968,10,20,0.76,,
12/11/19,1968,20,65,0.543,,
01/07/20,1969,0,10,8.984,,
01/07/20,1969,10,20,1.412,,
01/07/20,1969,20,65,0.61,mixed fine roots,
01/07/20,1970,0,10,2.533,sppa,
01/07/20,1970,10,20,0.116,sppa,
01/07/20,1970,20,67,0.004,sppa,
12/13/19,1971,0,10,10.513,,
12/13/19,1971,10,20,2.856,,
12/13/19,1971,20,66,0.968,,
01/07/20,1972,0,10,9.506,,
01/07/20,1972,10,20,2.56,,
01/07/20,1972,20,65.5,1.215,mixed fine roots,
12/26/19,1973,0,10,10.566,scam,
12/26/19,1973,0,10,0.115,mixed roots,
12/26/19,1973,0,10,1.056,sppa,
12/26/19,1973,10,20,1.549,,
12/26/19,1973,20,65.5,0.43,,
12/17/19,1974,0,10,14.184,,
12/17/19,1974,10,20,5.008,,
12/17/19,1974,20,67,1.214,,
12/06/19,1976,0,10,6.532,,
12/06/19,1976,0,10,1.398,sppa,
12/06/19,1976,0,10,0.237,mixed roots,
12/06/19,1976,10,20,2.586,,
12/06/19,1976,20,67,1.002,,
12/05/19,1977,0,10,4.935,,
12/05/19,1977,10,20,2.545,,
12/05/19,1977,20,63.5,0.478,mixed fine roots,
01/08/20,1978,0,10,0.053,mixed fine roots,
01/08/20,1978,0,10,1.907,scam,
01/08/20,1978,0,10,0.159,sppa,
01/08/20,1978,10,20,0.146,mixed fine roots,
01/08/20,1978,20,62,0.265,mixed fine roots,
12/04/19,1979,20,64.5,0.346,,
12/06/19,1980,0,10,0.098,mixed roots,
12/06/19,1980,0,10,0.102,sppa,
12/06/19,1980,0,10,9.319,scam,
12/06/19,1980,10,20,4.935,,
12/06/19,1980,20,66.5,0.34,,
01/08/20,1981,0,10,0.248,mixed fine roots,
01/08/20,1981,0,10,0.06,sppa,
01/08/20,1981,0,10,9.175,scam,
01/08/20,1981,10,20,0.188,mixed fine roots,
01/08/20,1981,10,20,1.788,scam,
01/08/20,1981,20,66.5,0.709,mixed fine roots,
12/05/19,1982,0,10,9.257,,
12/05/19,1982,10,20,0.553,mixed fine roots,
12/05/19,1982,10,20,0.324,,rhizome
12/05/19,1982,20,67,0.743,,
12/13/19,1983,0,10,13.055,,
12/13/19,1983,10,20,0.794,,
12/13/19,1983,20,64,0.561,,
12/26/19,1986,0,10,1.433,,
12/26/19,1986,10,20,0.022,,
12/26/19,1986,20,65.5,0.035,,
01/06/20,1987,0,10,0.513,,
01/06/20,1987,10,20,0.056,,
01/06/20,1987,20,61.5,0.29,,
01/10/20,1989,0,10,1.716,,
01/10/20,1989,10,20,0.118,,
01/10/20,1989,20,end,0.118,,
01/09/20,1990,0,10,0.218,mixed fine roots,
01/09/20,1990,0,10,0.041,sppa,
01/09/20,1990,0,10,4.482,scam,
01/09/20,1990,10,20,1.214,,
01/09/20,1990,20,end,0.226,mixed fine roots,
01/07/20,1991,0,10,4.264,,
01/07/20,1991,10,20,0.255,,
01/07/19,1991,20,61.5,0.285,,
01/13/20,1992,0,10,2.191,,
01/13/20,1992,10,20,0.343,,
01/13/20,1992,20,66,0.184,,
02/03/20,1996,0,10,1.334,,
02/03/20,1996,10,20,0.112,,hose
02/03/20,1996,20,64,0.266,,
12/26/19,1998,0,10,0.425,scam,
12/26/19,1998,0,10,0.194,sppa,
12/26/19,1998,0,10,0.046,mixed roots,
12/26/19,1998,10,20,0.017,,
12/26/19,1998,20,66,0.116,,